codigo_ibge,municipio,uf,ano,avaliados,magreza_acentuada_n,magreza_n,desnutricao_n,desnutricao_pct,magreza_acentuada_pct_oficial,magreza_pct_oficial,desnutricao_pct_oficial,eutrofia_n,eutrofia_pct_oficial,risco_sobrepeso_n,risco_sobrepeso_pct_oficial,sobrepeso_n,sobrepeso_pct_oficial,obesidade_n,obesidade_pct_oficial
3200102,Afonso Cláudio,ES,2025,970,28,43,71,7.3196,2.89,4.43,7.32,612,63.09,154,15.88,70,7.22,63,6.49
3200169,Água Doce do Norte,ES,2025,617,13,17,30,4.8622,2.11,2.76,4.87,385,62.4,109,17.67,54,8.75,39,6.32
3200136,Águia Branca,ES,2025,421,18,25,43,10.2138,4.28,5.94,10.22,228,54.16,67,15.91,41,9.74,42,9.98
3200201,Alegre,ES,2025,1257,30,55,85,6.7621,2.39,4.38,6.77,755,60.06,230,18.3,100,7.96,87,6.92
3200300,Alfredo Chaves,ES,2025,744,5,9,14,1.8817,0.67,1.21,1.88,492,66.13,150,20.16,62,8.33,26,3.49
3200359,Alto Rio Novo,ES,2025,238,6,6,12,5.042,2.52,2.52,5.04,130,54.62,46,19.33,19,7.98,31,13.03
3200409,Anchieta,ES,2025,962,15,33,48,4.9896,1.56,3.43,4.99,627,65.18,154,16.01,81,8.42,52,5.41
3200508,Apiacá,ES,2025,272,11,9,20,7.3529,4.04,3.31,7.35,146,53.68,44,16.18,32,11.76,30,11.03
3200607,Aracruz,ES,2025,4888,53,100,153,3.1301,1.08,2.05,3.13,3110,63.63,1016,20.79,382,7.82,227,4.64
3200706,Atílio Vivácqua,ES,2025,570,13,14,27,4.7368,2.28,2.46,4.74,331,58.07,108,18.95,63,11.05,41,7.19
3200805,Baixo Guandu,ES,2025,941,25,21,46,4.8884,2.66,2.23,4.89,593,63.02,175,18.6,90,9.56,37,3.93
3200904,Barra de São Francisco,ES,2025,1178,44,43,87,7.3854,3.74,3.65,7.39,707,60.02,198,16.81,97,8.23,89,7.56
3201001,Boa Esperança,ES,2025,887,13,11,24,2.7057,1.47,1.24,2.71,581,65.5,177,19.95,74,8.34,31,3.49
3201100,Bom Jesus do Norte,ES,2025,316,13,12,25,7.9114,4.11,3.8,7.91,168,53.16,63,19.94,29,9.18,31,9.81
3201159,Brejetuba,ES,2025,544,8,22,30,5.5147,1.47,4.04,5.51,389,71.51,78,14.34,31,5.7,16,2.94
3201209,Cachoeiro de Itapemirim,ES,2025,6482,118,150,268,4.1345,1.82,2.31,4.13,3957,61.05,1304,20.12,595,9.18,358,5.52
3201308,Cariacica,ES,2025,16194,162,342,504,3.1123,1.0,2.11,3.11,10449,64.52,3342,20.64,1248,7.71,651,4.02
3201407,Castelo,ES,2025,720,11,18,29,4.0278,1.53,2.5,4.03,451,62.64,152,21.11,55,7.64,33,4.58
3201506,Colatina,ES,2025,3616,63,97,160,4.4248,1.74,2.68,4.42,2267,62.69,712,19.69,280,7.74,197,5.45
3201605,Conceição da Barra,ES,2025,1443,22,54,76,5.2668,1.52,3.74,5.26,909,62.99,284,19.68,99,6.86,75,5.2
3201704,Conceição do Castelo,ES,2025,586,9,6,15,2.5597,1.54,1.02,2.56,352,60.07,140,23.89,49,8.36,30,5.12
3201803,Divino de São Lourenço,ES,2025,132,4,7,11,8.3333,3.03,5.3,8.33,79,59.85,20,15.15,12,9.09,10,7.58
3201902,Domingos Martins,ES,2025,1902,9,29,38,1.9979,0.47,1.52,1.99,1331,69.98,368,19.35,130,6.83,35,1.84
3202009,Dores do Rio Preto,ES,2025,281,3,4,7,2.4911,1.07,1.42,2.49,169,60.14,65,23.13,29,10.32,11,3.91
3202108,Ecoporanga,ES,2025,546,30,32,62,11.3553,5.49,5.86,11.35,281,51.47,92,16.85,35,6.41,76,13.92
3202207,Fundão,ES,2025,926,12,25,37,3.9957,1.3,2.7,4.0,594,64.15,188,20.3,66,7.13,41,4.43
3202256,Governador Lindenberg,ES,2025,695,16,16,32,4.6043,2.3,2.3,4.6,434,62.45,148,21.29,60,8.63,21,3.02
3202306,Guaçuí,ES,2025,929,13,17,30,3.2293,1.4,1.83,3.23,444,47.79,240,25.83,146,15.72,69,7.43
3202405,Guarapari,ES,2025,1998,67,77,144,7.2072,3.35,3.85,7.2,1286,64.36,310,15.52,136,6.81,122,6.11
3202454,Ibatiba,ES,2025,747,11,19,30,4.0161,1.47,2.54,4.01,503,67.34,133,17.8,56,7.5,25,3.35
3202504,Ibiraçu,ES,2025,396,11,10,21,5.303,2.78,2.53,5.31,236,59.6,69,17.42,31,7.83,39,9.85
3202553,Ibitirama,ES,2025,583,50,22,72,12.3499,8.58,3.77,12.35,326,55.92,103,17.67,53,9.09,29,4.97
3202603,Iconha,ES,2025,225,5,6,11,4.8889,2.22,2.67,4.89,131,58.22,40,17.78,25,11.11,18,8.0
3202652,Irupi,ES,2025,574,19,18,37,6.446,3.31,3.14,6.45,345,60.1,103,17.94,47,8.19,42,7.32
3202702,Itaguaçu,ES,2025,512,19,25,44,8.5938,3.71,4.88,8.59,304,59.38,86,16.8,46,8.98,32,6.25
3202801,Itapemirim,ES,2025,1507,35,61,96,6.3703,2.32,4.05,6.37,906,60.12,264,17.52,129,8.56,112,7.43
3202900,Itarana,ES,2025,271,9,15,24,8.8561,3.32,5.54,8.86,170,62.73,43,15.87,22,8.12,12,4.43
3203007,Iúna,ES,2025,904,27,36,63,6.969,2.99,3.98,6.97,589,65.15,137,15.15,73,8.08,42,4.65
3203056,Jaguaré,ES,2025,1227,19,39,58,4.727,1.55,3.18,4.73,776,63.24,236,19.23,94,7.66,63,5.13
3203106,Jerônimo Monteiro,ES,2025,566,17,16,33,5.8304,3.0,2.83,5.83,338,59.72,109,19.26,52,9.19,34,6.01
3203130,João Neiva,ES,2025,350,9,10,19,5.4286,2.57,2.86,5.43,212,60.57,73,20.86,27,7.71,19,5.43
3203163,Laranja da Terra,ES,2025,380,15,6,21,5.5263,3.95,1.58,5.53,226,59.47,73,19.21,37,9.74,23,6.05
3203205,Linhares,ES,2025,4240,151,169,320,7.5472,3.56,3.99,7.55,2511,59.22,787,18.56,355,8.37,267,6.3
3203304,Mantenópolis,ES,2025,567,8,15,23,4.0564,1.41,2.65,4.06,384,67.72,99,17.46,41,7.23,20,3.53
3203320,Marataízes,ES,2025,2316,41,49,90,3.886,1.77,2.12,3.89,1371,59.2,453,19.56,218,9.41,184,7.94
3203346,Marechal Floriano,ES,2025,928,11,6,17,1.8319,1.19,0.65,1.84,613,66.06,210,22.63,68,7.33,20,2.16
3203353,Marilândia,ES,2025,618,2,14,16,2.589,0.32,2.27,2.59,444,71.84,103,16.67,46,7.44,9,1.46
3203403,Mimoso do Sul,ES,2025,641,13,28,41,6.3963,2.03,4.37,6.4,352,54.91,112,17.47,74,11.54,62,9.67
3203502,Montanha,ES,2025,970,25,26,51,5.2577,2.58,2.68,5.26,601,61.96,193,19.9,81,8.35,44,4.54
3203601,Mucurici,ES,2025,334,8,12,20,5.988,2.4,3.59,5.99,216,64.67,55,16.47,21,6.29,22,6.59
3203700,Muniz Freire,ES,2025,737,22,14,36,4.8847,2.99,1.9,4.89,484,65.67,117,15.88,70,9.5,30,4.07
3203809,Muqui,ES,2025,644,14,20,34,5.2795,2.17,3.11,5.28,395,61.34,134,20.81,35,5.43,46,7.14
3203908,Nova Venécia,ES,2025,1479,24,48,72,4.8682,1.62,3.25,4.87,973,65.79,246,16.63,113,7.64,75,5.07
3204005,Pancas,ES,2025,1037,16,24,40,3.8573,1.54,2.31,3.85,658,63.45,190,18.32,95,9.16,54,5.21
3204054,Pedro Canário,ES,2025,980,29,43,72,7.3469,2.96,4.39,7.35,576,58.78,146,14.9,91,9.29,95,9.69
3204104,Pinheiros,ES,2025,817,24,35,59,7.2215,2.94,4.28,7.22,512,62.67,131,16.03,61,7.47,54,6.61
3204203,Piúma,ES,2025,614,19,11,30,4.886,3.09,1.79,4.88,330,53.75,115,18.73,54,8.79,85,13.84
3204252,Ponto Belo,ES,2025,371,3,15,18,4.8518,0.81,4.04,4.85,241,64.96,62,16.71,29,7.82,21,5.66
3204302,Presidente Kennedy,ES,2025,795,6,17,23,2.8931,0.75,2.14,2.89,449,56.48,181,22.77,84,10.57,58,7.3
3204351,Rio Bananal,ES,2025,1557,23,39,62,3.982,1.48,2.5,3.98,1021,65.57,288,18.5,131,8.41,55,3.53
3204401,Rio Novo do Sul,ES,2025,490,6,5,11,2.2449,1.22,1.02,2.24,290,59.18,118,24.08,46,9.39,25,5.1
3204500,Santa Leopoldina,ES,2025,309,15,9,24,7.767,4.85,2.91,7.76,204,66.02,45,14.56,14,4.53,22,7.12
3204559,Santa Maria de Jetibá,ES,2025,1410,30,43,73,5.1773,2.13,3.05,5.18,970,68.79,265,18.79,67,4.75,35,2.48
3204609,Santa Teresa,ES,2025,433,5,12,17,3.9261,1.15,2.77,3.92,282,65.13,63,14.55,34,7.85,37,8.55
3204658,São Domingos do Norte,ES,2025,241,1,10,11,4.5643,0.41,4.15,4.56,169,70.12,37,15.35,19,7.88,5,2.07
3204708,São Gabriel da Palha,ES,2025,770,31,37,68,8.8312,4.03,4.81,8.84,455,59.09,132,17.14,58,7.53,57,7.4
3204807,São José do Calçado,ES,2025,222,17,10,27,12.1622,7.66,4.5,12.16,92,41.44,39,17.57,22,9.91,42,18.92
3204906,São Mateus,ES,2025,5056,103,127,230,4.5491,2.04,2.51,4.55,3189,63.07,933,18.45,423,8.37,281,5.56
3204955,São Roque do Canaã,ES,2025,378,4,5,9,2.381,1.06,1.32,2.38,222,58.73,84,22.22,39,10.32,24,6.35
3205002,Serra,ES,2025,23051,133,374,507,2.1995,0.58,1.62,2.2,15133,65.65,4764,20.67,1814,7.87,833,3.61
3205010,Sooretama,ES,2025,955,20,44,64,6.7016,2.09,4.61,6.7,599,62.72,160,16.75,79,8.27,53,5.55
3205036,Vargem Alta,ES,2025,677,21,23,44,6.4993,3.1,3.4,6.5,409,60.41,114,16.84,63,9.31,47,6.94
3205069,Venda Nova do Imigrante,ES,2025,775,6,12,18,2.3226,0.77,1.55,2.32,543,70.06,140,18.06,51,6.58,23,2.97
3205101,Viana,ES,2025,1645,100,60,160,9.7264,6.08,3.65,9.73,969,58.91,251,15.26,131,7.96,134,8.15
3205150,Vila Pavão,ES,2025,466,13,21,34,7.2961,2.79,4.51,7.3,273,58.58,89,19.1,38,8.15,32,6.87
3205176,Vila Valério,ES,2025,430,16,12,28,6.5116,3.72,2.79,6.51,257,59.77,81,18.84,32,7.44,32,7.44
3205200,Vila Velha,ES,2025,13088,217,209,426,3.2549,1.66,1.6,3.26,8296,63.39,2788,21.3,1045,7.98,533,4.07
3205309,Vitória,ES,2025,12570,168,204,372,2.9594,1.34,1.62,2.96,6775,53.9,2836,22.56,1363,10.84,1224,9.74
