id_coleta,fonte,arquivo_local,nome_original,indice_antropometrico,faixa_etaria,ano_inicio,ano_fim,abrangencia,filtros,data_hora_coleta,quantidade_registros,hash_arquivo,status,versao_coletor,observacoes
sisvan-2025-altura_por_idade-0_a_menor_5_anos-AC,https://sisaps.saude.gov.br/sisvan/relatoriopublico/,dados/brutos/sisvan/coleta_20261004T205844Z/altura_por_idade/0_a_menor_5_anos/2025/ufs/AC.xlsx,,ALTURA X IDADE,0 a < 5 anos,2025,2025,Municipios de AC,"{""CO_ESCOLARIDADE"": ""TODOS"", ""CO_POVO_COMUNIDADE"": ""TODOS"", ""coMunicipioIbge"": ""99"", ""coRegiao"": ""99"", ""coUfIbge"": ""12"", ""coVisualizacao"": ""3"", ""co_sistema_origem"": ""0"", ""ds_raca_cor2"": ""99"", ""ds_sexo2"": ""1"", ""excel"": ""1"", ""noRegional"": """", ""nuAno"": ""2025"", ""nuMes[]"": ""99"", ""nu_ciclo_vida"": ""1"", ""nu_idade_fim"": ""5"", ""nu_idade_ges"": ""99"", ""nu_idade_inicio"": ""0"", ""nu_indice_ado"": ""1"", ""nu_indice_cri"": ""3"", ""st_cobertura"": ""99"", ""tpAbrangencia"": ""M"", ""tpAbrangenciaEas"": """", ""tpFiltro"": ""M"", ""tpRelatorio"": ""2""}",2026-10-04T17:59:07-03:00,22,c435a7d3fb89f4908da4132222aa75454fa2bafe26bffb7561075f3cd2614f8a,validado,5.0,XLSX oficial preservado sem alteracao
sisvan-2025-altura_por_idade-0_a_menor_5_anos-AL,https://sisaps.saude.gov.br/sisvan/relatoriopublico/,dados/brutos/sisvan/coleta_20261004T205844Z/altura_por_idade/0_a_menor_5_anos/2025/ufs/AL.xlsx,,ALTURA X IDADE,0 a < 5 anos,2025,2025,Municipios de AL,"{""CO_ESCOLARIDADE"": ""TODOS"", ""CO_POVO_COMUNIDADE"": ""TODOS"", ""coMunicipioIbge"": ""99"", ""coRegiao"": ""99"", ""coUfIbge"": ""27"", ""coVisualizacao"": ""3"", ""co_sistema_origem"": ""0"", ""ds_raca_cor2"": ""99"", ""ds_sexo2"": ""1"", ""excel"": ""1"", ""noRegional"": """", ""nuAno"": ""2025"", ""nuMes[]"": ""99"", ""nu_ciclo_vida"": ""1"", ""nu_idade_fim"": ""5"", ""nu_idade_ges"": ""99"", ""nu_idade_inicio"": ""0"", ""nu_indice_ado"": ""1"", ""nu_indice_cri"": ""3"", ""st_cobertura"": ""99"", ""tpAbrangencia"": ""M"", ""tpAbrangenciaEas"": """", ""tpFiltro"": ""M"", ""tpRelatorio"": ""2""}",2026-10-04T18:00:00-03:00,102,917080354b596d3fc34732791565df0a7920260febd59083d449f761e9043d49,validado,5.0,XLSX oficial preservado sem alteracao
sisvan-2025-altura_por_idade-0_a_menor_5_anos-AM,https://sisaps.saude.gov.br/sisvan/relatoriopublico/,dados/brutos/sisvan/coleta_20261004T205844Z/altura_por_idade/0_a_menor_5_anos/2025/ufs/AM.xlsx,,ALTURA X IDADE,0 a < 5 anos,2025,2025,Municipios de AM,"{""CO_ESCOLARIDADE"": ""TODOS"", ""CO_POVO_COMUNIDADE"": ""TODOS"", ""coMunicipioIbge"": ""99"", ""coRegiao"": ""99"", ""coUfIbge"": ""13"", ""coVisualizacao"": ""3"", ""co_sistema_origem"": ""0"", ""ds_raca_cor2"": ""99"", ""ds_sexo2"": ""1"", ""excel"": ""1"", ""noRegional"": """", ""nuAno"": ""2025"", ""nuMes[]"": ""99"", ""nu_ciclo_vida"": ""1"", ""nu_idade_fim"": ""5"", ""nu_idade_ges"": ""99"", ""nu_idade_inicio"": ""0"", ""nu_indice_ado"": ""1"", ""nu_indice_cri"": ""3"", ""st_cobertura"": ""99"", ""tpAbrangencia"": ""M"", ""tpAbrangenciaEas"": """", ""tpFiltro"": ""M"", ""tpRelatorio"": ""2""}",2026-10-04T17:59:10-03:00,62,cf45eed6da4236b5830c076e1a01afcc11cf44cdf78ee7103ed78f72593dbcde,validado,5.0,XLSX oficial preservado sem alteracao
sisvan-2025-altura_por_idade-0_a_menor_5_anos-AP,https://sisaps.saude.gov.br/sisvan/relatoriopublico/,dados/brutos/sisvan/coleta_20261004T205844Z/altura_por_idade/0_a_menor_5_anos/2025/ufs/AP.xlsx,,ALTURA X IDADE,0 a < 5 anos,2025,2025,Municipios de AP,"{""CO_ESCOLARIDADE"": ""TODOS"", ""CO_POVO_COMUNIDADE"": ""TODOS"", ""coMunicipioIbge"": ""99"", ""coRegiao"": ""99"", ""coUfIbge"": ""16"", ""coVisualizacao"": ""3"", ""co_sistema_origem"": ""0"", ""ds_raca_cor2"": ""99"", ""ds_sexo2"": ""1"", ""excel"": ""1"", ""noRegional"": """", ""nuAno"": ""2025"", ""nuMes[]"": ""99"", ""nu_ciclo_vida"": ""1"", ""nu_idade_fim"": ""5"", ""nu_idade_ges"": ""99"", ""nu_idade_inicio"": ""0"", ""nu_indice_ado"": ""1"", ""nu_indice_cri"": ""3"", ""st_cobertura"": ""99"", ""tpAbrangencia"": ""M"", ""tpAbrangenciaEas"": """", ""tpFiltro"": ""M"", ""tpRelatorio"": ""2""}",2026-10-04T17:59:25-03:00,16,97e4c99e9d9e226782ee0e59c3ffd9e9124aff25e3b46f4d31fc5deb32f5b743,validado,5.0,XLSX oficial preservado sem alteracao
sisvan-2025-altura_por_idade-0_a_menor_5_anos-BA,https://sisaps.saude.gov.br/sisvan/relatoriopublico/,dados/brutos/sisvan/coleta_20261004T205844Z/altura_por_idade/0_a_menor_5_anos/2025/ufs/BA.xlsx,,ALTURA X IDADE,0 a < 5 anos,2025,2025,Municipios de BA,"{""CO_ESCOLARIDADE"": ""TODOS"", ""CO_POVO_COMUNIDADE"": ""TODOS"", ""coMunicipioIbge"": ""99"", ""coRegiao"": ""99"", ""coUfIbge"": ""29"", ""coVisualizacao"": ""3"", ""co_sistema_origem"": ""0"", ""ds_raca_cor2"": ""99"", ""ds_sexo2"": ""1"", ""excel"": ""1"", ""noRegional"": """", ""nuAno"": ""2025"", ""nuMes[]"": ""99"", ""nu_ciclo_vida"": ""1"", ""nu_idade_fim"": ""5"", ""nu_idade_ges"": ""99"", ""nu_idade_inicio"": ""0"", ""nu_indice_ado"": ""1"", ""nu_indice_cri"": ""3"", ""st_cobertura"": ""99"", ""tpAbrangencia"": ""M"", ""tpAbrangenciaEas"": """", ""tpFiltro"": ""M"", ""tpRelatorio"": ""2""}",2026-10-04T18:00:10-03:00,417,ced4b2044e3007c3e695d3cf7943b68607574fde6306d37659dc04e1c8e6f395,validado,5.0,XLSX oficial preservado sem alteracao
sisvan-2025-altura_por_idade-0_a_menor_5_anos-CE,https://sisaps.saude.gov.br/sisvan/relatoriopublico/,dados/brutos/sisvan/coleta_20261004T205844Z/altura_por_idade/0_a_menor_5_anos/2025/ufs/CE.xlsx,,ALTURA X IDADE,0 a < 5 anos,2025,2025,Municipios de CE,"{""CO_ESCOLARIDADE"": ""TODOS"", ""CO_POVO_COMUNIDADE"": ""TODOS"", ""coMunicipioIbge"": ""99"", ""coRegiao"": ""99"", ""coUfIbge"": ""23"", ""coVisualizacao"": ""3"", ""co_sistema_origem"": ""0"", ""ds_raca_cor2"": ""99"", ""ds_sexo2"": ""1"", ""excel"": ""1"", ""noRegional"": """", ""nuAno"": ""2025"", ""nuMes[]"": ""99"", ""nu_ciclo_vida"": ""1"", ""nu_idade_fim"": ""5"", ""nu_idade_ges"": ""99"", ""nu_idade_inicio"": ""0"", ""nu_indice_ado"": ""1"", ""nu_indice_cri"": ""3"", ""st_cobertura"": ""99"", ""tpAbrangencia"": ""M"", ""tpAbrangenciaEas"": """", ""tpFiltro"": ""M"", ""tpRelatorio"": ""2""}",2026-10-04T17:59:44-03:00,184,6489080fe63b28a416911c6b12985fabee235219a750f5b86c12211c20a5e402,validado,5.0,XLSX oficial preservado sem alteracao
sisvan-2025-altura_por_idade-0_a_menor_5_anos-DF,https://sisaps.saude.gov.br/sisvan/relatoriopublico/,dados/brutos/sisvan/coleta_20261004T205844Z/altura_por_idade/0_a_menor_5_anos/2025/ufs/DF.xlsx,,ALTURA X IDADE,0 a < 5 anos,2025,2025,Municipios de DF,"{""CO_ESCOLARIDADE"": ""TODOS"", ""CO_POVO_COMUNIDADE"": ""TODOS"", ""coMunicipioIbge"": ""99"", ""coRegiao"": ""99"", ""coUfIbge"": ""53"", ""coVisualizacao"": ""3"", ""co_sistema_origem"": ""0"", ""ds_raca_cor2"": ""99"", ""ds_sexo2"": ""1"", ""excel"": ""1"", ""noRegional"": """", ""nuAno"": ""2025"", ""nuMes[]"": ""99"", ""nu_ciclo_vida"": ""1"", ""nu_idade_fim"": ""5"", ""nu_idade_ges"": ""99"", ""nu_idade_inicio"": ""0"", ""nu_indice_ado"": ""1"", ""nu_indice_cri"": ""3"", ""st_cobertura"": ""99"", ""tpAbrangencia"": ""M"", ""tpAbrangenciaEas"": """", ""tpFiltro"": ""M"", ""tpRelatorio"": ""2""}",2026-10-04T18:00:44-03:00,1,79f4798618e463fbb026facc567b9e1f74e1be8a8976d103b3e70cdd2715f1c9,validado,5.0,XLSX oficial preservado sem alteracao
sisvan-2025-altura_por_idade-0_a_menor_5_anos-ES,https://sisaps.saude.gov.br/sisvan/relatoriopublico/,dados/brutos/sisvan/coleta_20261004T205844Z/altura_por_idade/0_a_menor_5_anos/2025/ufs/ES.xlsx,,ALTURA X IDADE,0 a < 5 anos,2025,2025,Municipios de ES,"{""CO_ESCOLARIDADE"": ""TODOS"", ""CO_POVO_COMUNIDADE"": ""TODOS"", ""coMunicipioIbge"": ""99"", ""coRegiao"": ""99"", ""coUfIbge"": ""32"", ""coVisualizacao"": ""3"", ""co_sistema_origem"": ""0"", ""ds_raca_cor2"": ""99"", ""ds_sexo2"": ""1"", ""excel"": ""1"", ""noRegional"": """", ""nuAno"": ""2025"", ""nuMes[]"": ""99"", ""nu_ciclo_vida"": ""1"", ""nu_idade_fim"": ""5"", ""nu_idade_ges"": ""99"", ""nu_idade_inicio"": ""0"", ""nu_indice_ado"": ""1"", ""nu_indice_cri"": ""3"", ""st_cobertura"": ""99"", ""tpAbrangencia"": ""M"", ""tpAbrangenciaEas"": """", ""tpFiltro"": ""M"", ""tpRelatorio"": ""2""}",2026-10-04T18:00:17-03:00,78,4d56ce58883a751ce2e465d820121567087d1439d94e3e505d8fded3e7af7497,validado,5.0,XLSX oficial preservado sem alteracao
sisvan-2025-altura_por_idade-0_a_menor_5_anos-GO,https://sisaps.saude.gov.br/sisvan/relatoriopublico/,dados/brutos/sisvan/coleta_20261004T205844Z/altura_por_idade/0_a_menor_5_anos/2025/ufs/GO.xlsx,,ALTURA X IDADE,0 a < 5 anos,2025,2025,Municipios de GO,"{""CO_ESCOLARIDADE"": ""TODOS"", ""CO_POVO_COMUNIDADE"": ""TODOS"", ""coMunicipioIbge"": ""99"", ""coRegiao"": ""99"", ""coUfIbge"": ""52"", ""coVisualizacao"": ""3"", ""co_sistema_origem"": ""0"", ""ds_raca_cor2"": ""99"", ""ds_sexo2"": ""1"", ""excel"": ""1"", ""noRegional"": """", ""nuAno"": ""2025"", ""nuMes[]"": ""99"", ""nu_ciclo_vida"": ""1"", ""nu_idade_fim"": ""5"", ""nu_idade_ges"": ""99"", ""nu_idade_inicio"": ""0"", ""nu_indice_ado"": ""1"", ""nu_indice_cri"": ""3"", ""st_cobertura"": ""99"", ""tpAbrangencia"": ""M"", ""tpAbrangenciaEas"": """", ""tpFiltro"": ""M"", ""tpRelatorio"": ""2""}",2026-10-04T18:00:42-03:00,246,2e379b4f07ea3cadbfbe53ef050df7de813e85b4fb15fbf455cb4562a9672aa3,validado,5.0,XLSX oficial preservado sem alteracao
sisvan-2025-altura_por_idade-0_a_menor_5_anos-MA,https://sisaps.saude.gov.br/sisvan/relatoriopublico/,dados/brutos/sisvan/coleta_20261004T205844Z/altura_por_idade/0_a_menor_5_anos/2025/ufs/MA.xlsx,,ALTURA X IDADE,0 a < 5 anos,2025,2025,Municipios de MA,"{""CO_ESCOLARIDADE"": ""TODOS"", ""CO_POVO_COMUNIDADE"": ""TODOS"", ""coMunicipioIbge"": ""99"", ""coRegiao"": ""99"", ""coUfIbge"": ""21"", ""coVisualizacao"": ""3"", ""co_sistema_origem"": ""0"", ""ds_raca_cor2"": ""99"", ""ds_sexo2"": ""1"", ""excel"": ""1"", ""noRegional"": """", ""nuAno"": ""2025"", ""nuMes[]"": ""99"", ""nu_ciclo_vida"": ""1"", ""nu_idade_fim"": ""5"", ""nu_idade_ges"": ""99"", ""nu_idade_inicio"": ""0"", ""nu_indice_ado"": ""1"", ""nu_indice_cri"": ""3"", ""st_cobertura"": ""99"", ""tpAbrangencia"": ""M"", ""tpAbrangenciaEas"": """", ""tpFiltro"": ""M"", ""tpRelatorio"": ""2""}",2026-10-04T17:59:33-03:00,217,7fe1909ec82706b502b017d4069bd3c7d8a65042e19e53e5f1ffd8655edc9035,validado,5.0,XLSX oficial preservado sem alteracao
sisvan-2025-altura_por_idade-0_a_menor_5_anos-MG,https://sisaps.saude.gov.br/sisvan/relatoriopublico/,dados/brutos/sisvan/coleta_20261004T205844Z/altura_por_idade/0_a_menor_5_anos/2025/ufs/MG.xlsx,,ALTURA X IDADE,0 a < 5 anos,2025,2025,Municipios de MG,"{""CO_ESCOLARIDADE"": ""TODOS"", ""CO_POVO_COMUNIDADE"": ""TODOS"", ""coMunicipioIbge"": ""99"", ""coRegiao"": ""99"", ""coUfIbge"": ""31"", ""coVisualizacao"": ""3"", ""co_sistema_origem"": ""0"", ""ds_raca_cor2"": ""99"", ""ds_sexo2"": ""1"", ""excel"": ""1"", ""noRegional"": """", ""nuAno"": ""2025"", ""nuMes[]"": ""99"", ""nu_ciclo_vida"": ""1"", ""nu_idade_fim"": ""5"", ""nu_idade_ges"": ""99"", ""nu_idade_inicio"": ""0"", ""nu_indice_ado"": ""1"", ""nu_indice_cri"": ""3"", ""st_cobertura"": ""99"", ""tpAbrangencia"": ""M"", ""tpAbrangenciaEas"": """", ""tpFiltro"": ""M"", ""tpRelatorio"": ""2""}",2026-10-04T18:00:14-03:00,853,5e287b36f10c2a00864dcb6e67607d27d7c3f8f4b7da9592e3b2593652e5b1de,validado,5.0,XLSX oficial preservado sem alteracao
sisvan-2025-altura_por_idade-0_a_menor_5_anos-MS,https://sisaps.saude.gov.br/sisvan/relatoriopublico/,dados/brutos/sisvan/coleta_20261004T205844Z/altura_por_idade/0_a_menor_5_anos/2025/ufs/MS.xlsx,,ALTURA X IDADE,0 a < 5 anos,2025,2025,Municipios de MS,"{""CO_ESCOLARIDADE"": ""TODOS"", ""CO_POVO_COMUNIDADE"": ""TODOS"", ""coMunicipioIbge"": ""99"", ""coRegiao"": ""99"", ""coUfIbge"": ""50"", ""coVisualizacao"": ""3"", ""co_sistema_origem"": ""0"", ""ds_raca_cor2"": ""99"", ""ds_sexo2"": ""1"", ""excel"": ""1"", ""noRegional"": """", ""nuAno"": ""2025"", ""nuMes[]"": ""99"", ""nu_ciclo_vida"": ""1"", ""nu_idade_fim"": ""5"", ""nu_idade_ges"": ""99"", ""nu_idade_inicio"": ""0"", ""nu_indice_ado"": ""1"", ""nu_indice_cri"": ""3"", ""st_cobertura"": ""99"", ""tpAbrangencia"": ""M"", ""tpAbrangenciaEas"": """", ""tpFiltro"": ""M"", ""tpRelatorio"": ""2""}",2026-10-04T18:00:38-03:00,79,394fee3e0352309d5674b1f568b27387bb98ceebe140284fb57d01e46bcbac46,validado,5.0,XLSX oficial preservado sem alteracao
sisvan-2025-altura_por_idade-0_a_menor_5_anos-MT,https://sisaps.saude.gov.br/sisvan/relatoriopublico/,dados/brutos/sisvan/coleta_20261004T205844Z/altura_por_idade/0_a_menor_5_anos/2025/ufs/MT.xlsx,,ALTURA X IDADE,0 a < 5 anos,2025,2025,Municipios de MT,"{""CO_ESCOLARIDADE"": ""TODOS"", ""CO_POVO_COMUNIDADE"": ""TODOS"", ""coMunicipioIbge"": ""99"", ""coRegiao"": ""99"", ""coUfIbge"": ""51"", ""coVisualizacao"": ""3"", ""co_sistema_origem"": ""0"", ""ds_raca_cor2"": ""99"", ""ds_sexo2"": ""1"", ""excel"": ""1"", ""noRegional"": """", ""nuAno"": ""2025"", ""nuMes[]"": ""99"", ""nu_ciclo_vida"": ""1"", ""nu_idade_fim"": ""5"", ""nu_idade_ges"": ""99"", ""nu_idade_inicio"": ""0"", ""nu_indice_ado"": ""1"", ""nu_indice_cri"": ""3"", ""st_cobertura"": ""99"", ""tpAbrangencia"": ""M"", ""tpAbrangenciaEas"": """", ""tpFiltro"": ""M"", ""tpRelatorio"": ""2""}",2026-10-04T18:00:40-03:00,142,720309dfe55a297b8d908b194a1b9263a191f24e06b816f2f5d84c873229fbd3,validado,5.0,XLSX oficial preservado sem alteracao
sisvan-2025-altura_por_idade-0_a_menor_5_anos-PA,https://sisaps.saude.gov.br/sisvan/relatoriopublico/,dados/brutos/sisvan/coleta_20261004T205844Z/altura_por_idade/0_a_menor_5_anos/2025/ufs/PA.xlsx,,ALTURA X IDADE,0 a < 5 anos,2025,2025,Municipios de PA,"{""CO_ESCOLARIDADE"": ""TODOS"", ""CO_POVO_COMUNIDADE"": ""TODOS"", ""coMunicipioIbge"": ""99"", ""coRegiao"": ""99"", ""coUfIbge"": ""15"", ""coVisualizacao"": ""3"", ""co_sistema_origem"": ""0"", ""ds_raca_cor2"": ""99"", ""ds_sexo2"": ""1"", ""excel"": ""1"", ""noRegional"": """", ""nuAno"": ""2025"", ""nuMes[]"": ""99"", ""nu_ciclo_vida"": ""1"", ""nu_idade_fim"": ""5"", ""nu_idade_ges"": ""99"", ""nu_idade_inicio"": ""0"", ""nu_indice_ado"": ""1"", ""nu_indice_cri"": ""3"", ""st_cobertura"": ""99"", ""tpAbrangencia"": ""M"", ""tpAbrangenciaEas"": """", ""tpFiltro"": ""M"", ""tpRelatorio"": ""2""}",2026-10-04T17:59:21-03:00,144,ec4770ff506599e2110a0d1de02d2f4b2e3628f4da1f4363a723c8572eecc7db,validado,5.0,XLSX oficial preservado sem alteracao
sisvan-2025-altura_por_idade-0_a_menor_5_anos-PB,https://sisaps.saude.gov.br/sisvan/relatoriopublico/,dados/brutos/sisvan/coleta_20261004T205844Z/altura_por_idade/0_a_menor_5_anos/2025/ufs/PB.xlsx,,ALTURA X IDADE,0 a < 5 anos,2025,2025,Municipios de PB,"{""CO_ESCOLARIDADE"": ""TODOS"", ""CO_POVO_COMUNIDADE"": ""TODOS"", ""coMunicipioIbge"": ""99"", ""coRegiao"": ""99"", ""coUfIbge"": ""25"", ""coVisualizacao"": ""3"", ""co_sistema_origem"": ""0"", ""ds_raca_cor2"": ""99"", ""ds_sexo2"": ""1"", ""excel"": ""1"", ""noRegional"": """", ""nuAno"": ""2025"", ""nuMes[]"": ""99"", ""nu_ciclo_vida"": ""1"", ""nu_idade_fim"": ""5"", ""nu_idade_ges"": ""99"", ""nu_idade_inicio"": ""0"", ""nu_indice_ado"": ""1"", ""nu_indice_cri"": ""3"", ""st_cobertura"": ""99"", ""tpAbrangencia"": ""M"", ""tpAbrangenciaEas"": """", ""tpFiltro"": ""M"", ""tpRelatorio"": ""2""}",2026-10-04T17:59:52-03:00,223,572f64f9cf44bbce40a575ac12dc3655d91c58102ce997cc7622322164b8f942,validado,5.0,XLSX oficial preservado sem alteracao
sisvan-2025-altura_por_idade-0_a_menor_5_anos-PE,https://sisaps.saude.gov.br/sisvan/relatoriopublico/,dados/brutos/sisvan/coleta_20261004T205844Z/altura_por_idade/0_a_menor_5_anos/2025/ufs/PE.xlsx,,ALTURA X IDADE,0 a < 5 anos,2025,2025,Municipios de PE,"{""CO_ESCOLARIDADE"": ""TODOS"", ""CO_POVO_COMUNIDADE"": ""TODOS"", ""coMunicipioIbge"": ""99"", ""coRegiao"": ""99"", ""coUfIbge"": ""26"", ""coVisualizacao"": ""3"", ""co_sistema_origem"": ""0"", ""ds_raca_cor2"": ""99"", ""ds_sexo2"": ""1"", ""excel"": ""1"", ""noRegional"": """", ""nuAno"": ""2025"", ""nuMes[]"": ""99"", ""nu_ciclo_vida"": ""1"", ""nu_idade_fim"": ""5"", ""nu_idade_ges"": ""99"", ""nu_idade_inicio"": ""0"", ""nu_indice_ado"": ""1"", ""nu_indice_cri"": ""3"", ""st_cobertura"": ""99"", ""tpAbrangencia"": ""M"", ""tpAbrangenciaEas"": """", ""tpFiltro"": ""M"", ""tpRelatorio"": ""2""}",2026-10-04T17:59:55-03:00,185,c36cb92ea9fe9cabb44f84ced9d2a4d8aa9a0faf5a1597e7526c1c67a5dc3325,validado,5.0,XLSX oficial preservado sem alteracao
sisvan-2025-altura_por_idade-0_a_menor_5_anos-PI,https://sisaps.saude.gov.br/sisvan/relatoriopublico/,dados/brutos/sisvan/coleta_20261004T205844Z/altura_por_idade/0_a_menor_5_anos/2025/ufs/PI.xlsx,,ALTURA X IDADE,0 a < 5 anos,2025,2025,Municipios de PI,"{""CO_ESCOLARIDADE"": ""TODOS"", ""CO_POVO_COMUNIDADE"": ""TODOS"", ""coMunicipioIbge"": ""99"", ""coRegiao"": ""99"", ""coUfIbge"": ""22"", ""coVisualizacao"": ""3"", ""co_sistema_origem"": ""0"", ""ds_raca_cor2"": ""99"", ""ds_sexo2"": ""1"", ""excel"": ""1"", ""noRegional"": """", ""nuAno"": ""2025"", ""nuMes[]"": ""99"", ""nu_ciclo_vida"": ""1"", ""nu_idade_fim"": ""5"", ""nu_idade_ges"": ""99"", ""nu_idade_inicio"": ""0"", ""nu_indice_ado"": ""1"", ""nu_indice_cri"": ""3"", ""st_cobertura"": ""99"", ""tpAbrangencia"": ""M"", ""tpAbrangenciaEas"": """", ""tpFiltro"": ""M"", ""tpRelatorio"": ""2""}",2026-10-04T17:59:38-03:00,224,73b3a260a6360d8d2e71f20ef131d51ebdca4ffe35ff88de07ce0d079f70c23c,validado,5.0,XLSX oficial preservado sem alteracao
sisvan-2025-altura_por_idade-0_a_menor_5_anos-PR,https://sisaps.saude.gov.br/sisvan/relatoriopublico/,dados/brutos/sisvan/coleta_20261004T205844Z/altura_por_idade/0_a_menor_5_anos/2025/ufs/PR.xlsx,,ALTURA X IDADE,0 a < 5 anos,2025,2025,Municipios de PR,"{""CO_ESCOLARIDADE"": ""TODOS"", ""CO_POVO_COMUNIDADE"": ""TODOS"", ""coMunicipioIbge"": ""99"", ""coRegiao"": ""99"", ""coUfIbge"": ""41"", ""coVisualizacao"": ""3"", ""co_sistema_origem"": ""0"", ""ds_raca_cor2"": ""99"", ""ds_sexo2"": ""1"", ""excel"": ""1"", ""noRegional"": """", ""nuAno"": ""2025"", ""nuMes[]"": ""99"", ""nu_ciclo_vida"": ""1"", ""nu_idade_fim"": ""5"", ""nu_idade_ges"": ""99"", ""nu_idade_inicio"": ""0"", ""nu_indice_ado"": ""1"", ""nu_indice_cri"": ""3"", ""st_cobertura"": ""99"", ""tpAbrangencia"": ""M"", ""tpAbrangenciaEas"": """", ""tpFiltro"": ""M"", ""tpRelatorio"": ""2""}",2026-10-04T18:00:31-03:00,399,85298eff8cdb47d8cad10105331a716a600af9f130c472e8d53c738e3ee1a501,validado,5.0,XLSX oficial preservado sem alteracao
sisvan-2025-altura_por_idade-0_a_menor_5_anos-RJ,https://sisaps.saude.gov.br/sisvan/relatoriopublico/,dados/brutos/sisvan/coleta_20261004T205844Z/altura_por_idade/0_a_menor_5_anos/2025/ufs/RJ.xlsx,,ALTURA X IDADE,0 a < 5 anos,2025,2025,Municipios de RJ,"{""CO_ESCOLARIDADE"": ""TODOS"", ""CO_POVO_COMUNIDADE"": ""TODOS"", ""coMunicipioIbge"": ""99"", ""coRegiao"": ""99"", ""coUfIbge"": ""33"", ""coVisualizacao"": ""3"", ""co_sistema_origem"": ""0"", ""ds_raca_cor2"": ""99"", ""ds_sexo2"": ""1"", ""excel"": ""1"", ""noRegional"": """", ""nuAno"": ""2025"", ""nuMes[]"": ""99"", ""nu_ciclo_vida"": ""1"", ""nu_idade_fim"": ""5"", ""nu_idade_ges"": ""99"", ""nu_idade_inicio"": ""0"", ""nu_indice_ado"": ""1"", ""nu_indice_cri"": ""3"", ""st_cobertura"": ""99"", ""tpAbrangencia"": ""M"", ""tpAbrangenciaEas"": """", ""tpFiltro"": ""M"", ""tpRelatorio"": ""2""}",2026-10-04T18:00:21-03:00,92,5150dfc435fdbca4bfe59d42c733b02c6e8044f21809470fd8b327f58d7c8e1f,validado,5.0,XLSX oficial preservado sem alteracao
sisvan-2025-altura_por_idade-0_a_menor_5_anos-RN,https://sisaps.saude.gov.br/sisvan/relatoriopublico/,dados/brutos/sisvan/coleta_20261004T205844Z/altura_por_idade/0_a_menor_5_anos/2025/ufs/RN.xlsx,,ALTURA X IDADE,0 a < 5 anos,2025,2025,Municipios de RN,"{""CO_ESCOLARIDADE"": ""TODOS"", ""CO_POVO_COMUNIDADE"": ""TODOS"", ""coMunicipioIbge"": ""99"", ""coRegiao"": ""99"", ""coUfIbge"": ""24"", ""coVisualizacao"": ""3"", ""co_sistema_origem"": ""0"", ""ds_raca_cor2"": ""99"", ""ds_sexo2"": ""1"", ""excel"": ""1"", ""noRegional"": """", ""nuAno"": ""2025"", ""nuMes[]"": ""99"", ""nu_ciclo_vida"": ""1"", ""nu_idade_fim"": ""5"", ""nu_idade_ges"": ""99"", ""nu_idade_inicio"": ""0"", ""nu_indice_ado"": ""1"", ""nu_indice_cri"": ""3"", ""st_cobertura"": ""99"", ""tpAbrangencia"": ""M"", ""tpAbrangenciaEas"": """", ""tpFiltro"": ""M"", ""tpRelatorio"": ""2""}",2026-10-04T17:59:48-03:00,167,b813a78de70cdc2e2529e996fa735d3784f97e0fe15190166dbd60f5a50fe2ef,validado,5.0,XLSX oficial preservado sem alteracao
sisvan-2025-altura_por_idade-0_a_menor_5_anos-RO,https://sisaps.saude.gov.br/sisvan/relatoriopublico/,dados/brutos/sisvan/coleta_20261004T205844Z/altura_por_idade/0_a_menor_5_anos/2025/ufs/RO.xlsx,,ALTURA X IDADE,0 a < 5 anos,2025,2025,Municipios de RO,"{""CO_ESCOLARIDADE"": ""TODOS"", ""CO_POVO_COMUNIDADE"": ""TODOS"", ""coMunicipioIbge"": ""99"", ""coRegiao"": ""99"", ""coUfIbge"": ""11"", ""coVisualizacao"": ""3"", ""co_sistema_origem"": ""0"", ""ds_raca_cor2"": ""99"", ""ds_sexo2"": ""1"", ""excel"": ""1"", ""noRegional"": """", ""nuAno"": ""2025"", ""nuMes[]"": ""99"", ""nu_ciclo_vida"": ""1"", ""nu_idade_fim"": ""5"", ""nu_idade_ges"": ""99"", ""nu_idade_inicio"": ""0"", ""nu_indice_ado"": ""1"", ""nu_indice_cri"": ""3"", ""st_cobertura"": ""99"", ""tpAbrangencia"": ""M"", ""tpAbrangenciaEas"": """", ""tpFiltro"": ""M"", ""tpRelatorio"": ""2""}",2026-10-04T17:59:04-03:00,52,63188106d164cbe4bae2d90e885eb77d70c7c0173243f0482ad5a8db3e6230aa,validado,5.0,XLSX oficial preservado sem alteracao
sisvan-2025-altura_por_idade-0_a_menor_5_anos-RR,https://sisaps.saude.gov.br/sisvan/relatoriopublico/,dados/brutos/sisvan/coleta_20261004T205844Z/altura_por_idade/0_a_menor_5_anos/2025/ufs/RR.xlsx,,ALTURA X IDADE,0 a < 5 anos,2025,2025,Municipios de RR,"{""CO_ESCOLARIDADE"": ""TODOS"", ""CO_POVO_COMUNIDADE"": ""TODOS"", ""coMunicipioIbge"": ""99"", ""coRegiao"": ""99"", ""coUfIbge"": ""14"", ""coVisualizacao"": ""3"", ""co_sistema_origem"": ""0"", ""ds_raca_cor2"": ""99"", ""ds_sexo2"": ""1"", ""excel"": ""1"", ""noRegional"": """", ""nuAno"": ""2025"", ""nuMes[]"": ""99"", ""nu_ciclo_vida"": ""1"", ""nu_idade_fim"": ""5"", ""nu_idade_ges"": ""99"", ""nu_idade_inicio"": ""0"", ""nu_indice_ado"": ""1"", ""nu_indice_cri"": ""3"", ""st_cobertura"": ""99"", ""tpAbrangencia"": ""M"", ""tpAbrangenciaEas"": """", ""tpFiltro"": ""M"", ""tpRelatorio"": ""2""}",2026-10-04T17:59:17-03:00,15,79bc76c717ca4603c35e01a838bb82f149008cb81b394c37fdc2fffa247cbe4a,validado,5.0,XLSX oficial preservado sem alteracao
sisvan-2025-altura_por_idade-0_a_menor_5_anos-RS,https://sisaps.saude.gov.br/sisvan/relatoriopublico/,dados/brutos/sisvan/coleta_20261004T205844Z/altura_por_idade/0_a_menor_5_anos/2025/ufs/RS.xlsx,,ALTURA X IDADE,0 a < 5 anos,2025,2025,Municipios de RS,"{""CO_ESCOLARIDADE"": ""TODOS"", ""CO_POVO_COMUNIDADE"": ""TODOS"", ""coMunicipioIbge"": ""99"", ""coRegiao"": ""99"", ""coUfIbge"": ""43"", ""coVisualizacao"": ""3"", ""co_sistema_origem"": ""0"", ""ds_raca_cor2"": ""99"", ""ds_sexo2"": ""1"", ""excel"": ""1"", ""noRegional"": """", ""nuAno"": ""2025"", ""nuMes[]"": ""99"", ""nu_ciclo_vida"": ""1"", ""nu_idade_fim"": ""5"", ""nu_idade_ges"": ""99"", ""nu_idade_inicio"": ""0"", ""nu_indice_ado"": ""1"", ""nu_indice_cri"": ""3"", ""st_cobertura"": ""99"", ""tpAbrangencia"": ""M"", ""tpAbrangenciaEas"": """", ""tpFiltro"": ""M"", ""tpRelatorio"": ""2""}",2026-10-04T18:00:36-03:00,497,88c4cd286acc306ca70bfa85a3e42c724732a97524c508ff0a3c9ad858409539,validado,5.0,XLSX oficial preservado sem alteracao
sisvan-2025-altura_por_idade-0_a_menor_5_anos-SC,https://sisaps.saude.gov.br/sisvan/relatoriopublico/,dados/brutos/sisvan/coleta_20261004T205844Z/altura_por_idade/0_a_menor_5_anos/2025/ufs/SC.xlsx,,ALTURA X IDADE,0 a < 5 anos,2025,2025,Municipios de SC,"{""CO_ESCOLARIDADE"": ""TODOS"", ""CO_POVO_COMUNIDADE"": ""TODOS"", ""coMunicipioIbge"": ""99"", ""coRegiao"": ""99"", ""coUfIbge"": ""42"", ""coVisualizacao"": ""3"", ""co_sistema_origem"": ""0"", ""ds_raca_cor2"": ""99"", ""ds_sexo2"": ""1"", ""excel"": ""1"", ""noRegional"": """", ""nuAno"": ""2025"", ""nuMes[]"": ""99"", ""nu_ciclo_vida"": ""1"", ""nu_idade_fim"": ""5"", ""nu_idade_ges"": ""99"", ""nu_idade_inicio"": ""0"", ""nu_indice_ado"": ""1"", ""nu_indice_cri"": ""3"", ""st_cobertura"": ""99"", ""tpAbrangencia"": ""M"", ""tpAbrangenciaEas"": """", ""tpFiltro"": ""M"", ""tpRelatorio"": ""2""}",2026-10-04T18:00:33-03:00,295,b4034c99f3b144db2691b5e42cede4e7a0e53b46a43308fd8ba993b75090932c,validado,5.0,XLSX oficial preservado sem alteracao
sisvan-2025-altura_por_idade-0_a_menor_5_anos-SE,https://sisaps.saude.gov.br/sisvan/relatoriopublico/,dados/brutos/sisvan/coleta_20261004T205844Z/altura_por_idade/0_a_menor_5_anos/2025/ufs/SE.xlsx,,ALTURA X IDADE,0 a < 5 anos,2025,2025,Municipios de SE,"{""CO_ESCOLARIDADE"": ""TODOS"", ""CO_POVO_COMUNIDADE"": ""TODOS"", ""coMunicipioIbge"": ""99"", ""coRegiao"": ""99"", ""coUfIbge"": ""28"", ""coVisualizacao"": ""3"", ""co_sistema_origem"": ""0"", ""ds_raca_cor2"": ""99"", ""ds_sexo2"": ""1"", ""excel"": ""1"", ""noRegional"": """", ""nuAno"": ""2025"", ""nuMes[]"": ""99"", ""nu_ciclo_vida"": ""1"", ""nu_idade_fim"": ""5"", ""nu_idade_ges"": ""99"", ""nu_idade_inicio"": ""0"", ""nu_indice_ado"": ""1"", ""nu_indice_cri"": ""3"", ""st_cobertura"": ""99"", ""tpAbrangencia"": ""M"", ""tpAbrangenciaEas"": """", ""tpFiltro"": ""M"", ""tpRelatorio"": ""2""}",2026-10-04T18:00:05-03:00,75,0d87cc9bdb7b5beb6241a1927ffc21be53af20e2dc47e5cc92b94d1a0c4185ac,validado,5.0,XLSX oficial preservado sem alteracao
sisvan-2025-altura_por_idade-0_a_menor_5_anos-SP,https://sisaps.saude.gov.br/sisvan/relatoriopublico/,dados/brutos/sisvan/coleta_20261004T205844Z/altura_por_idade/0_a_menor_5_anos/2025/ufs/SP.xlsx,,ALTURA X IDADE,0 a < 5 anos,2025,2025,Municipios de SP,"{""CO_ESCOLARIDADE"": ""TODOS"", ""CO_POVO_COMUNIDADE"": ""TODOS"", ""coMunicipioIbge"": ""99"", ""coRegiao"": ""99"", ""coUfIbge"": ""35"", ""coVisualizacao"": ""3"", ""co_sistema_origem"": ""0"", ""ds_raca_cor2"": ""99"", ""ds_sexo2"": ""1"", ""excel"": ""1"", ""noRegional"": """", ""nuAno"": ""2025"", ""nuMes[]"": ""99"", ""nu_ciclo_vida"": ""1"", ""nu_idade_fim"": ""5"", ""nu_idade_ges"": ""99"", ""nu_idade_inicio"": ""0"", ""nu_indice_ado"": ""1"", ""nu_indice_cri"": ""3"", ""st_cobertura"": ""99"", ""tpAbrangencia"": ""M"", ""tpAbrangenciaEas"": """", ""tpFiltro"": ""M"", ""tpRelatorio"": ""2""}",2026-10-04T18:00:27-03:00,645,35aac22d861db7670f4dd6ec0cc07ee1f581507c6dd2b6bc79424176e86af67f,validado,5.0,XLSX oficial preservado sem alteracao
sisvan-2025-altura_por_idade-0_a_menor_5_anos-TO,https://sisaps.saude.gov.br/sisvan/relatoriopublico/,dados/brutos/sisvan/coleta_20261004T205844Z/altura_por_idade/0_a_menor_5_anos/2025/ufs/TO.xlsx,,ALTURA X IDADE,0 a < 5 anos,2025,2025,Municipios de TO,"{""CO_ESCOLARIDADE"": ""TODOS"", ""CO_POVO_COMUNIDADE"": ""TODOS"", ""coMunicipioIbge"": ""99"", ""coRegiao"": ""99"", ""coUfIbge"": ""17"", ""coVisualizacao"": ""3"", ""co_sistema_origem"": ""0"", ""ds_raca_cor2"": ""99"", ""ds_sexo2"": ""1"", ""excel"": ""1"", ""noRegional"": """", ""nuAno"": ""2025"", ""nuMes[]"": ""99"", ""nu_ciclo_vida"": ""1"", ""nu_idade_fim"": ""5"", ""nu_idade_ges"": ""99"", ""nu_idade_inicio"": ""0"", ""nu_indice_ado"": ""1"", ""nu_indice_cri"": ""3"", ""st_cobertura"": ""99"", ""tpAbrangencia"": ""M"", ""tpAbrangenciaEas"": """", ""tpFiltro"": ""M"", ""tpRelatorio"": ""2""}",2026-10-04T17:59:29-03:00,139,75d428620895df10b8a6fda0a88db4a71480efac456471f7d55e5266eb5cba0b,validado,5.0,XLSX oficial preservado sem alteracao
