id_coleta,fonte,arquivo_local,nome_original,indice_antropometrico,faixa_etaria,ano_inicio,ano_fim,abrangencia,filtros,data_hora_coleta,quantidade_registros,hash_arquivo,status,versao_coletor,observacoes
sisvan-2025-altura_por_idade-0_a_menor_5_anos-AC,https://sisaps.saude.gov.br/sisvan/relatoriopublico/,dados/brutos/sisvan/altura_por_idade/0_a_menor_5_anos/2025/ufs/AC.xlsx,,ALTURA X IDADE,0 a < 5 anos,2025,2025,Municipios de AC,"{""CO_ESCOLARIDADE"": ""TODOS"", ""CO_POVO_COMUNIDADE"": ""TODOS"", ""coMunicipioIbge"": ""99"", ""coRegiao"": ""99"", ""coUfIbge"": ""12"", ""coVisualizacao"": ""3"", ""co_sistema_origem"": ""0"", ""ds_raca_cor2"": ""99"", ""ds_sexo2"": ""1"", ""excel"": ""1"", ""noRegional"": """", ""nuAno"": ""2025"", ""nuMes[]"": ""99"", ""nu_ciclo_vida"": ""1"", ""nu_idade_fim"": ""5"", ""nu_idade_ges"": ""99"", ""nu_idade_inicio"": ""0"", ""nu_indice_ado"": ""1"", ""nu_indice_cri"": ""3"", ""st_cobertura"": ""99"", ""tpAbrangencia"": ""M"", ""tpAbrangenciaEas"": """", ""tpFiltro"": ""M"", ""tpRelatorio"": ""2""}",2026-09-30T17:09:51-03:00,22,97f1c54a74be6a4d8f1573e6b871e9415e87e39b76781192e872577c2ad40b57,validado,3.0,XLSX oficial preservado sem alteracao
sisvan-2025-altura_por_idade-0_a_menor_5_anos-AL,https://sisaps.saude.gov.br/sisvan/relatoriopublico/,dados/brutos/sisvan/altura_por_idade/0_a_menor_5_anos/2025/ufs/AL.xlsx,,ALTURA X IDADE,0 a < 5 anos,2025,2025,Municipios de AL,"{""CO_ESCOLARIDADE"": ""TODOS"", ""CO_POVO_COMUNIDADE"": ""TODOS"", ""coMunicipioIbge"": ""99"", ""coRegiao"": ""99"", ""coUfIbge"": ""27"", ""coVisualizacao"": ""3"", ""co_sistema_origem"": ""0"", ""ds_raca_cor2"": ""99"", ""ds_sexo2"": ""1"", ""excel"": ""1"", ""noRegional"": """", ""nuAno"": ""2025"", ""nuMes[]"": ""99"", ""nu_ciclo_vida"": ""1"", ""nu_idade_fim"": ""5"", ""nu_idade_ges"": ""99"", ""nu_idade_inicio"": ""0"", ""nu_indice_ado"": ""1"", ""nu_indice_cri"": ""3"", ""st_cobertura"": ""99"", ""tpAbrangencia"": ""M"", ""tpAbrangenciaEas"": """", ""tpFiltro"": ""M"", ""tpRelatorio"": ""2""}",2026-09-30T17:10:36-03:00,102,17adeec7f752683d18b4f503f56f327817848604fe4f5e03fac25921cc08e2a9,validado,3.0,XLSX oficial preservado sem alteracao
sisvan-2025-altura_por_idade-0_a_menor_5_anos-AM,https://sisaps.saude.gov.br/sisvan/relatoriopublico/,dados/brutos/sisvan/altura_por_idade/0_a_menor_5_anos/2025/ufs/AM.xlsx,,ALTURA X IDADE,0 a < 5 anos,2025,2025,Municipios de AM,"{""CO_ESCOLARIDADE"": ""TODOS"", ""CO_POVO_COMUNIDADE"": ""TODOS"", ""coMunicipioIbge"": ""99"", ""coRegiao"": ""99"", ""coUfIbge"": ""13"", ""coVisualizacao"": ""3"", ""co_sistema_origem"": ""0"", ""ds_raca_cor2"": ""99"", ""ds_sexo2"": ""1"", ""excel"": ""1"", ""noRegional"": """", ""nuAno"": ""2025"", ""nuMes[]"": ""99"", ""nu_ciclo_vida"": ""1"", ""nu_idade_fim"": ""5"", ""nu_idade_ges"": ""99"", ""nu_idade_inicio"": ""0"", ""nu_indice_ado"": ""1"", ""nu_indice_cri"": ""3"", ""st_cobertura"": ""99"", ""tpAbrangencia"": ""M"", ""tpAbrangenciaEas"": """", ""tpFiltro"": ""M"", ""tpRelatorio"": ""2""}",2026-09-30T17:09:56-03:00,62,8f960f02be715cb43ec01301bf02d7599bcbff2430cea5725f78164ea35fa0a3,validado,3.0,XLSX oficial preservado sem alteracao
sisvan-2025-altura_por_idade-0_a_menor_5_anos-AP,https://sisaps.saude.gov.br/sisvan/relatoriopublico/,dados/brutos/sisvan/altura_por_idade/0_a_menor_5_anos/2025/ufs/AP.xlsx,,ALTURA X IDADE,0 a < 5 anos,2025,2025,Municipios de AP,"{""CO_ESCOLARIDADE"": ""TODOS"", ""CO_POVO_COMUNIDADE"": ""TODOS"", ""coMunicipioIbge"": ""99"", ""coRegiao"": ""99"", ""coUfIbge"": ""16"", ""coVisualizacao"": ""3"", ""co_sistema_origem"": ""0"", ""ds_raca_cor2"": ""99"", ""ds_sexo2"": ""1"", ""excel"": ""1"", ""noRegional"": """", ""nuAno"": ""2025"", ""nuMes[]"": ""99"", ""nu_ciclo_vida"": ""1"", ""nu_idade_fim"": ""5"", ""nu_idade_ges"": ""99"", ""nu_idade_inicio"": ""0"", ""nu_indice_ado"": ""1"", ""nu_indice_cri"": ""3"", ""st_cobertura"": ""99"", ""tpAbrangencia"": ""M"", ""tpAbrangenciaEas"": """", ""tpFiltro"": ""M"", ""tpRelatorio"": ""2""}",2026-09-30T17:10:04-03:00,16,80e6b2b77fdb87ab427dd121bd8dfea0c0346fffdb6101bf98d8fae928a82594,validado,3.0,XLSX oficial preservado sem alteracao
sisvan-2025-altura_por_idade-0_a_menor_5_anos-BA,https://sisaps.saude.gov.br/sisvan/relatoriopublico/,dados/brutos/sisvan/altura_por_idade/0_a_menor_5_anos/2025/ufs/BA.xlsx,,ALTURA X IDADE,0 a < 5 anos,2025,2025,Municipios de BA,"{""CO_ESCOLARIDADE"": ""TODOS"", ""CO_POVO_COMUNIDADE"": ""TODOS"", ""coMunicipioIbge"": ""99"", ""coRegiao"": ""99"", ""coUfIbge"": ""29"", ""coVisualizacao"": ""3"", ""co_sistema_origem"": ""0"", ""ds_raca_cor2"": ""99"", ""ds_sexo2"": ""1"", ""excel"": ""1"", ""noRegional"": """", ""nuAno"": ""2025"", ""nuMes[]"": ""99"", ""nu_ciclo_vida"": ""1"", ""nu_idade_fim"": ""5"", ""nu_idade_ges"": ""99"", ""nu_idade_inicio"": ""0"", ""nu_indice_ado"": ""1"", ""nu_indice_cri"": ""3"", ""st_cobertura"": ""99"", ""tpAbrangencia"": ""M"", ""tpAbrangenciaEas"": """", ""tpFiltro"": ""M"", ""tpRelatorio"": ""2""}",2026-09-30T17:10:43-03:00,417,a56a761aa2332e6fc3d62ce39028dcdbe4bc5f259bf30eff9cee6a658de2edda,validado,3.0,XLSX oficial preservado sem alteracao
sisvan-2025-altura_por_idade-0_a_menor_5_anos-CE,https://sisaps.saude.gov.br/sisvan/relatoriopublico/,dados/brutos/sisvan/altura_por_idade/0_a_menor_5_anos/2025/ufs/CE.xlsx,,ALTURA X IDADE,0 a < 5 anos,2025,2025,Municipios de CE,"{""CO_ESCOLARIDADE"": ""TODOS"", ""CO_POVO_COMUNIDADE"": ""TODOS"", ""coMunicipioIbge"": ""99"", ""coRegiao"": ""99"", ""coUfIbge"": ""23"", ""coVisualizacao"": ""3"", ""co_sistema_origem"": ""0"", ""ds_raca_cor2"": ""99"", ""ds_sexo2"": ""1"", ""excel"": ""1"", ""noRegional"": """", ""nuAno"": ""2025"", ""nuMes[]"": ""99"", ""nu_ciclo_vida"": ""1"", ""nu_idade_fim"": ""5"", ""nu_idade_ges"": ""99"", ""nu_idade_inicio"": ""0"", ""nu_indice_ado"": ""1"", ""nu_indice_cri"": ""3"", ""st_cobertura"": ""99"", ""tpAbrangencia"": ""M"", ""tpAbrangenciaEas"": """", ""tpFiltro"": ""M"", ""tpRelatorio"": ""2""}",2026-09-30T17:10:19-03:00,184,5ceb37a4332df09db36d2009e9ebf7a75b36410fc603675fe4ac1741b81307c6,validado,3.0,XLSX oficial preservado sem alteracao
sisvan-2025-altura_por_idade-0_a_menor_5_anos-DF,https://sisaps.saude.gov.br/sisvan/relatoriopublico/,dados/brutos/sisvan/altura_por_idade/0_a_menor_5_anos/2025/ufs/DF.xlsx,,ALTURA X IDADE,0 a < 5 anos,2025,2025,Municipios de DF,"{""CO_ESCOLARIDADE"": ""TODOS"", ""CO_POVO_COMUNIDADE"": ""TODOS"", ""coMunicipioIbge"": ""99"", ""coRegiao"": ""99"", ""coUfIbge"": ""53"", ""coVisualizacao"": ""3"", ""co_sistema_origem"": ""0"", ""ds_raca_cor2"": ""99"", ""ds_sexo2"": ""1"", ""excel"": ""1"", ""noRegional"": """", ""nuAno"": ""2025"", ""nuMes[]"": ""99"", ""nu_ciclo_vida"": ""1"", ""nu_idade_fim"": ""5"", ""nu_idade_ges"": ""99"", ""nu_idade_inicio"": ""0"", ""nu_indice_ado"": ""1"", ""nu_indice_cri"": ""3"", ""st_cobertura"": ""99"", ""tpAbrangencia"": ""M"", ""tpAbrangenciaEas"": """", ""tpFiltro"": ""M"", ""tpRelatorio"": ""2""}",2026-09-30T17:11:37-03:00,1,dabc92e6b716b22124937ced684b87ac913247b4226d9cfd7aa0eeaa775071d7,validado,3.0,XLSX oficial preservado sem alteracao
sisvan-2025-altura_por_idade-0_a_menor_5_anos-ES,https://sisaps.saude.gov.br/sisvan/relatoriopublico/,dados/brutos/sisvan/altura_por_idade/0_a_menor_5_anos/2025/ufs/ES.xlsx,,ALTURA X IDADE,0 a < 5 anos,2025,2025,Municipios de ES,"{""CO_ESCOLARIDADE"": ""TODOS"", ""CO_POVO_COMUNIDADE"": ""TODOS"", ""coMunicipioIbge"": ""99"", ""coRegiao"": ""99"", ""coUfIbge"": ""32"", ""coVisualizacao"": ""3"", ""co_sistema_origem"": ""0"", ""ds_raca_cor2"": ""99"", ""ds_sexo2"": ""1"", ""excel"": ""1"", ""noRegional"": """", ""nuAno"": ""2025"", ""nuMes[]"": ""99"", ""nu_ciclo_vida"": ""1"", ""nu_idade_fim"": ""5"", ""nu_idade_ges"": ""99"", ""nu_idade_inicio"": ""0"", ""nu_indice_ado"": ""1"", ""nu_indice_cri"": ""3"", ""st_cobertura"": ""99"", ""tpAbrangencia"": ""M"", ""tpAbrangenciaEas"": """", ""tpFiltro"": ""M"", ""tpRelatorio"": ""2""}",2026-09-30T17:10:53-03:00,78,c862cbb637ce604ad390f52f5633f1d34db70546e1218799d9ad85aa063f6e2f,validado,3.0,XLSX oficial preservado sem alteracao
sisvan-2025-altura_por_idade-0_a_menor_5_anos-GO,https://sisaps.saude.gov.br/sisvan/relatoriopublico/,dados/brutos/sisvan/altura_por_idade/0_a_menor_5_anos/2025/ufs/GO.xlsx,,ALTURA X IDADE,0 a < 5 anos,2025,2025,Municipios de GO,"{""CO_ESCOLARIDADE"": ""TODOS"", ""CO_POVO_COMUNIDADE"": ""TODOS"", ""coMunicipioIbge"": ""99"", ""coRegiao"": ""99"", ""coUfIbge"": ""52"", ""coVisualizacao"": ""3"", ""co_sistema_origem"": ""0"", ""ds_raca_cor2"": ""99"", ""ds_sexo2"": ""1"", ""excel"": ""1"", ""noRegional"": """", ""nuAno"": ""2025"", ""nuMes[]"": ""99"", ""nu_ciclo_vida"": ""1"", ""nu_idade_fim"": ""5"", ""nu_idade_ges"": ""99"", ""nu_idade_inicio"": ""0"", ""nu_indice_ado"": ""1"", ""nu_indice_cri"": ""3"", ""st_cobertura"": ""99"", ""tpAbrangencia"": ""M"", ""tpAbrangenciaEas"": """", ""tpFiltro"": ""M"", ""tpRelatorio"": ""2""}",2026-09-30T17:11:32-03:00,246,00dff45dfd78836b4e14c977848e4f555785295c08aca5b379bb9bfba8d3d93c,validado,3.0,XLSX oficial preservado sem alteracao
sisvan-2025-altura_por_idade-0_a_menor_5_anos-MA,https://sisaps.saude.gov.br/sisvan/relatoriopublico/,dados/brutos/sisvan/altura_por_idade/0_a_menor_5_anos/2025/ufs/MA.xlsx,,ALTURA X IDADE,0 a < 5 anos,2025,2025,Municipios de MA,"{""CO_ESCOLARIDADE"": ""TODOS"", ""CO_POVO_COMUNIDADE"": ""TODOS"", ""coMunicipioIbge"": ""99"", ""coRegiao"": ""99"", ""coUfIbge"": ""21"", ""coVisualizacao"": ""3"", ""co_sistema_origem"": ""0"", ""ds_raca_cor2"": ""99"", ""ds_sexo2"": ""1"", ""excel"": ""1"", ""noRegional"": """", ""nuAno"": ""2025"", ""nuMes[]"": ""99"", ""nu_ciclo_vida"": ""1"", ""nu_idade_fim"": ""5"", ""nu_idade_ges"": ""99"", ""nu_idade_inicio"": ""0"", ""nu_indice_ado"": ""1"", ""nu_indice_cri"": ""3"", ""st_cobertura"": ""99"", ""tpAbrangencia"": ""M"", ""tpAbrangenciaEas"": """", ""tpFiltro"": ""M"", ""tpRelatorio"": ""2""}",2026-09-30T17:10:12-03:00,217,2d5cfbddb0c2017d42ac0dfaeecd01cb1b4676dc720d9d0740c339d2772cd9ff,validado,3.0,XLSX oficial preservado sem alteracao
sisvan-2025-altura_por_idade-0_a_menor_5_anos-MG,https://sisaps.saude.gov.br/sisvan/relatoriopublico/,dados/brutos/sisvan/altura_por_idade/0_a_menor_5_anos/2025/ufs/MG.xlsx,,ALTURA X IDADE,0 a < 5 anos,2025,2025,Municipios de MG,"{""CO_ESCOLARIDADE"": ""TODOS"", ""CO_POVO_COMUNIDADE"": ""TODOS"", ""coMunicipioIbge"": ""99"", ""coRegiao"": ""99"", ""coUfIbge"": ""31"", ""coVisualizacao"": ""3"", ""co_sistema_origem"": ""0"", ""ds_raca_cor2"": ""99"", ""ds_sexo2"": ""1"", ""excel"": ""1"", ""noRegional"": """", ""nuAno"": ""2025"", ""nuMes[]"": ""99"", ""nu_ciclo_vida"": ""1"", ""nu_idade_fim"": ""5"", ""nu_idade_ges"": ""99"", ""nu_idade_inicio"": ""0"", ""nu_indice_ado"": ""1"", ""nu_indice_cri"": ""3"", ""st_cobertura"": ""99"", ""tpAbrangencia"": ""M"", ""tpAbrangenciaEas"": """", ""tpFiltro"": ""M"", ""tpRelatorio"": ""2""}",2026-09-30T17:10:48-03:00,853,d37972291dd921e2d8d13d75eaa802bf2258bb96b54cb811c769a4a5dd6fb032,validado,3.0,XLSX oficial preservado sem alteracao
sisvan-2025-altura_por_idade-0_a_menor_5_anos-MS,https://sisaps.saude.gov.br/sisvan/relatoriopublico/,dados/brutos/sisvan/altura_por_idade/0_a_menor_5_anos/2025/ufs/MS.xlsx,,ALTURA X IDADE,0 a < 5 anos,2025,2025,Municipios de MS,"{""CO_ESCOLARIDADE"": ""TODOS"", ""CO_POVO_COMUNIDADE"": ""TODOS"", ""coMunicipioIbge"": ""99"", ""coRegiao"": ""99"", ""coUfIbge"": ""50"", ""coVisualizacao"": ""3"", ""co_sistema_origem"": ""0"", ""ds_raca_cor2"": ""99"", ""ds_sexo2"": ""1"", ""excel"": ""1"", ""noRegional"": """", ""nuAno"": ""2025"", ""nuMes[]"": ""99"", ""nu_ciclo_vida"": ""1"", ""nu_idade_fim"": ""5"", ""nu_idade_ges"": ""99"", ""nu_idade_inicio"": ""0"", ""nu_indice_ado"": ""1"", ""nu_indice_cri"": ""3"", ""st_cobertura"": ""99"", ""tpAbrangencia"": ""M"", ""tpAbrangenciaEas"": """", ""tpFiltro"": ""M"", ""tpRelatorio"": ""2""}",2026-09-30T17:11:22-03:00,79,2f55496f6893cf1a999681cf5df6635ffacbd461d98aca1420d5dc670e299a1b,validado,3.0,XLSX oficial preservado sem alteracao
sisvan-2025-altura_por_idade-0_a_menor_5_anos-MT,https://sisaps.saude.gov.br/sisvan/relatoriopublico/,dados/brutos/sisvan/altura_por_idade/0_a_menor_5_anos/2025/ufs/MT.xlsx,,ALTURA X IDADE,0 a < 5 anos,2025,2025,Municipios de MT,"{""CO_ESCOLARIDADE"": ""TODOS"", ""CO_POVO_COMUNIDADE"": ""TODOS"", ""coMunicipioIbge"": ""99"", ""coRegiao"": ""99"", ""coUfIbge"": ""51"", ""coVisualizacao"": ""3"", ""co_sistema_origem"": ""0"", ""ds_raca_cor2"": ""99"", ""ds_sexo2"": ""1"", ""excel"": ""1"", ""noRegional"": """", ""nuAno"": ""2025"", ""nuMes[]"": ""99"", ""nu_ciclo_vida"": ""1"", ""nu_idade_fim"": ""5"", ""nu_idade_ges"": ""99"", ""nu_idade_inicio"": ""0"", ""nu_indice_ado"": ""1"", ""nu_indice_cri"": ""3"", ""st_cobertura"": ""99"", ""tpAbrangencia"": ""M"", ""tpAbrangenciaEas"": """", ""tpFiltro"": ""M"", ""tpRelatorio"": ""2""}",2026-09-30T17:11:27-03:00,142,1518f58cc29c5ad376f7fd9808e1552c61114467c3a56ca931d066188c31db8f,validado,3.0,XLSX oficial preservado sem alteracao
sisvan-2025-altura_por_idade-0_a_menor_5_anos-PA,https://sisaps.saude.gov.br/sisvan/relatoriopublico/,dados/brutos/sisvan/altura_por_idade/0_a_menor_5_anos/2025/ufs/PA.xlsx,,ALTURA X IDADE,0 a < 5 anos,2025,2025,Municipios de PA,"{""CO_ESCOLARIDADE"": ""TODOS"", ""CO_POVO_COMUNIDADE"": ""TODOS"", ""coMunicipioIbge"": ""99"", ""coRegiao"": ""99"", ""coUfIbge"": ""15"", ""coVisualizacao"": ""3"", ""co_sistema_origem"": ""0"", ""ds_raca_cor2"": ""99"", ""ds_sexo2"": ""1"", ""excel"": ""1"", ""noRegional"": """", ""nuAno"": ""2025"", ""nuMes[]"": ""99"", ""nu_ciclo_vida"": ""1"", ""nu_idade_fim"": ""5"", ""nu_idade_ges"": ""99"", ""nu_idade_inicio"": ""0"", ""nu_indice_ado"": ""1"", ""nu_indice_cri"": ""3"", ""st_cobertura"": ""99"", ""tpAbrangencia"": ""M"", ""tpAbrangenciaEas"": """", ""tpFiltro"": ""M"", ""tpRelatorio"": ""2""}",2026-09-30T17:10:01-03:00,144,de3f617e833cf67c9df3e963a9aaa2c78bcc878dd7c6a6d19324899e2a6d199f,validado,3.0,XLSX oficial preservado sem alteracao
sisvan-2025-altura_por_idade-0_a_menor_5_anos-PB,https://sisaps.saude.gov.br/sisvan/relatoriopublico/,dados/brutos/sisvan/altura_por_idade/0_a_menor_5_anos/2025/ufs/PB.xlsx,,ALTURA X IDADE,0 a < 5 anos,2025,2025,Municipios de PB,"{""CO_ESCOLARIDADE"": ""TODOS"", ""CO_POVO_COMUNIDADE"": ""TODOS"", ""coMunicipioIbge"": ""99"", ""coRegiao"": ""99"", ""coUfIbge"": ""25"", ""coVisualizacao"": ""3"", ""co_sistema_origem"": ""0"", ""ds_raca_cor2"": ""99"", ""ds_sexo2"": ""1"", ""excel"": ""1"", ""noRegional"": """", ""nuAno"": ""2025"", ""nuMes[]"": ""99"", ""nu_ciclo_vida"": ""1"", ""nu_idade_fim"": ""5"", ""nu_idade_ges"": ""99"", ""nu_idade_inicio"": ""0"", ""nu_indice_ado"": ""1"", ""nu_indice_cri"": ""3"", ""st_cobertura"": ""99"", ""tpAbrangencia"": ""M"", ""tpAbrangenciaEas"": """", ""tpFiltro"": ""M"", ""tpRelatorio"": ""2""}",2026-09-30T17:10:26-03:00,223,8fbb80d72273633a374e4bf21a215328f5aa06de7c20e897c56745c0de0c55f1,validado,3.0,XLSX oficial preservado sem alteracao
sisvan-2025-altura_por_idade-0_a_menor_5_anos-PE,https://sisaps.saude.gov.br/sisvan/relatoriopublico/,dados/brutos/sisvan/altura_por_idade/0_a_menor_5_anos/2025/ufs/PE.xlsx,,ALTURA X IDADE,0 a < 5 anos,2025,2025,Municipios de PE,"{""CO_ESCOLARIDADE"": ""TODOS"", ""CO_POVO_COMUNIDADE"": ""TODOS"", ""coMunicipioIbge"": ""99"", ""coRegiao"": ""99"", ""coUfIbge"": ""26"", ""coVisualizacao"": ""3"", ""co_sistema_origem"": ""0"", ""ds_raca_cor2"": ""99"", ""ds_sexo2"": ""1"", ""excel"": ""1"", ""noRegional"": """", ""nuAno"": ""2025"", ""nuMes[]"": ""99"", ""nu_ciclo_vida"": ""1"", ""nu_idade_fim"": ""5"", ""nu_idade_ges"": ""99"", ""nu_idade_inicio"": ""0"", ""nu_indice_ado"": ""1"", ""nu_indice_cri"": ""3"", ""st_cobertura"": ""99"", ""tpAbrangencia"": ""M"", ""tpAbrangenciaEas"": """", ""tpFiltro"": ""M"", ""tpRelatorio"": ""2""}",2026-09-30T17:10:30-03:00,185,4716e695cd351515043f06faa11bd2c6ca540a67e7596587cd7c90e101219025,validado,3.0,XLSX oficial preservado sem alteracao
sisvan-2025-altura_por_idade-0_a_menor_5_anos-PI,https://sisaps.saude.gov.br/sisvan/relatoriopublico/,dados/brutos/sisvan/altura_por_idade/0_a_menor_5_anos/2025/ufs/PI.xlsx,,ALTURA X IDADE,0 a < 5 anos,2025,2025,Municipios de PI,"{""CO_ESCOLARIDADE"": ""TODOS"", ""CO_POVO_COMUNIDADE"": ""TODOS"", ""coMunicipioIbge"": ""99"", ""coRegiao"": ""99"", ""coUfIbge"": ""22"", ""coVisualizacao"": ""3"", ""co_sistema_origem"": ""0"", ""ds_raca_cor2"": ""99"", ""ds_sexo2"": ""1"", ""excel"": ""1"", ""noRegional"": """", ""nuAno"": ""2025"", ""nuMes[]"": ""99"", ""nu_ciclo_vida"": ""1"", ""nu_idade_fim"": ""5"", ""nu_idade_ges"": ""99"", ""nu_idade_inicio"": ""0"", ""nu_indice_ado"": ""1"", ""nu_indice_cri"": ""3"", ""st_cobertura"": ""99"", ""tpAbrangencia"": ""M"", ""tpAbrangenciaEas"": """", ""tpFiltro"": ""M"", ""tpRelatorio"": ""2""}",2026-09-30T17:10:16-03:00,224,47816fefc002002120e66a4926ae3c61644d6da3f7a9bb63fa115ca2f84a4f80,validado,3.0,XLSX oficial preservado sem alteracao
sisvan-2025-altura_por_idade-0_a_menor_5_anos-PR,https://sisaps.saude.gov.br/sisvan/relatoriopublico/,dados/brutos/sisvan/altura_por_idade/0_a_menor_5_anos/2025/ufs/PR.xlsx,,ALTURA X IDADE,0 a < 5 anos,2025,2025,Municipios de PR,"{""CO_ESCOLARIDADE"": ""TODOS"", ""CO_POVO_COMUNIDADE"": ""TODOS"", ""coMunicipioIbge"": ""99"", ""coRegiao"": ""99"", ""coUfIbge"": ""41"", ""coVisualizacao"": ""3"", ""co_sistema_origem"": ""0"", ""ds_raca_cor2"": ""99"", ""ds_sexo2"": ""1"", ""excel"": ""1"", ""noRegional"": """", ""nuAno"": ""2025"", ""nuMes[]"": ""99"", ""nu_ciclo_vida"": ""1"", ""nu_idade_fim"": ""5"", ""nu_idade_ges"": ""99"", ""nu_idade_inicio"": ""0"", ""nu_indice_ado"": ""1"", ""nu_indice_cri"": ""3"", ""st_cobertura"": ""99"", ""tpAbrangencia"": ""M"", ""tpAbrangenciaEas"": """", ""tpFiltro"": ""M"", ""tpRelatorio"": ""2""}",2026-09-30T17:11:07-03:00,399,45f67632f60f2418a630e61622cb259ef5cf7a6ec18b695f8a29f1278c43fa1c,validado,3.0,XLSX oficial preservado sem alteracao
sisvan-2025-altura_por_idade-0_a_menor_5_anos-RJ,https://sisaps.saude.gov.br/sisvan/relatoriopublico/,dados/brutos/sisvan/altura_por_idade/0_a_menor_5_anos/2025/ufs/RJ.xlsx,,ALTURA X IDADE,0 a < 5 anos,2025,2025,Municipios de RJ,"{""CO_ESCOLARIDADE"": ""TODOS"", ""CO_POVO_COMUNIDADE"": ""TODOS"", ""coMunicipioIbge"": ""99"", ""coRegiao"": ""99"", ""coUfIbge"": ""33"", ""coVisualizacao"": ""3"", ""co_sistema_origem"": ""0"", ""ds_raca_cor2"": ""99"", ""ds_sexo2"": ""1"", ""excel"": ""1"", ""noRegional"": """", ""nuAno"": ""2025"", ""nuMes[]"": ""99"", ""nu_ciclo_vida"": ""1"", ""nu_idade_fim"": ""5"", ""nu_idade_ges"": ""99"", ""nu_idade_inicio"": ""0"", ""nu_indice_ado"": ""1"", ""nu_indice_cri"": ""3"", ""st_cobertura"": ""99"", ""tpAbrangencia"": ""M"", ""tpAbrangenciaEas"": """", ""tpFiltro"": ""M"", ""tpRelatorio"": ""2""}",2026-09-30T17:10:58-03:00,92,9b4e7dbabe99698268da735639ab8054420fdd673567f8bc39b6c89a1d110ed1,validado,3.0,XLSX oficial preservado sem alteracao
sisvan-2025-altura_por_idade-0_a_menor_5_anos-RN,https://sisaps.saude.gov.br/sisvan/relatoriopublico/,dados/brutos/sisvan/altura_por_idade/0_a_menor_5_anos/2025/ufs/RN.xlsx,,ALTURA X IDADE,0 a < 5 anos,2025,2025,Municipios de RN,"{""CO_ESCOLARIDADE"": ""TODOS"", ""CO_POVO_COMUNIDADE"": ""TODOS"", ""coMunicipioIbge"": ""99"", ""coRegiao"": ""99"", ""coUfIbge"": ""24"", ""coVisualizacao"": ""3"", ""co_sistema_origem"": ""0"", ""ds_raca_cor2"": ""99"", ""ds_sexo2"": ""1"", ""excel"": ""1"", ""noRegional"": """", ""nuAno"": ""2025"", ""nuMes[]"": ""99"", ""nu_ciclo_vida"": ""1"", ""nu_idade_fim"": ""5"", ""nu_idade_ges"": ""99"", ""nu_idade_inicio"": ""0"", ""nu_indice_ado"": ""1"", ""nu_indice_cri"": ""3"", ""st_cobertura"": ""99"", ""tpAbrangencia"": ""M"", ""tpAbrangenciaEas"": """", ""tpFiltro"": ""M"", ""tpRelatorio"": ""2""}",2026-09-30T17:10:22-03:00,167,a40ec0428e793f6f569024a1dd0e91d9a14d618c782f9e62462acfb99f885581,validado,3.0,XLSX oficial preservado sem alteracao
sisvan-2025-altura_por_idade-0_a_menor_5_anos-RO,https://sisaps.saude.gov.br/sisvan/relatoriopublico/,dados/brutos/sisvan/altura_por_idade/0_a_menor_5_anos/2025/ufs/RO.xlsx,,ALTURA X IDADE,0 a < 5 anos,2025,2025,Municipios de RO,"{""CO_ESCOLARIDADE"": ""TODOS"", ""CO_POVO_COMUNIDADE"": ""TODOS"", ""coMunicipioIbge"": ""99"", ""coRegiao"": ""99"", ""coUfIbge"": ""11"", ""coVisualizacao"": ""3"", ""co_sistema_origem"": ""0"", ""ds_raca_cor2"": ""99"", ""ds_sexo2"": ""1"", ""excel"": ""1"", ""noRegional"": """", ""nuAno"": ""2025"", ""nuMes[]"": ""99"", ""nu_ciclo_vida"": ""1"", ""nu_idade_fim"": ""5"", ""nu_idade_ges"": ""99"", ""nu_idade_inicio"": ""0"", ""nu_indice_ado"": ""1"", ""nu_indice_cri"": ""3"", ""st_cobertura"": ""99"", ""tpAbrangencia"": ""M"", ""tpAbrangenciaEas"": """", ""tpFiltro"": ""M"", ""tpRelatorio"": ""2""}",2026-09-30T17:07:50-03:00,52,98a1ee91bcf0cef43fe427f1e50b3391e43afa1debe49955932c5982dfff89ae,validado,3.0,XLSX oficial preservado sem alteracao
sisvan-2025-altura_por_idade-0_a_menor_5_anos-RR,https://sisaps.saude.gov.br/sisvan/relatoriopublico/,dados/brutos/sisvan/altura_por_idade/0_a_menor_5_anos/2025/ufs/RR.xlsx,,ALTURA X IDADE,0 a < 5 anos,2025,2025,Municipios de RR,"{""CO_ESCOLARIDADE"": ""TODOS"", ""CO_POVO_COMUNIDADE"": ""TODOS"", ""coMunicipioIbge"": ""99"", ""coRegiao"": ""99"", ""coUfIbge"": ""14"", ""coVisualizacao"": ""3"", ""co_sistema_origem"": ""0"", ""ds_raca_cor2"": ""99"", ""ds_sexo2"": ""1"", ""excel"": ""1"", ""noRegional"": """", ""nuAno"": ""2025"", ""nuMes[]"": ""99"", ""nu_ciclo_vida"": ""1"", ""nu_idade_fim"": ""5"", ""nu_idade_ges"": ""99"", ""nu_idade_inicio"": ""0"", ""nu_indice_ado"": ""1"", ""nu_indice_cri"": ""3"", ""st_cobertura"": ""99"", ""tpAbrangencia"": ""M"", ""tpAbrangenciaEas"": """", ""tpFiltro"": ""M"", ""tpRelatorio"": ""2""}",2026-09-30T17:09:58-03:00,15,0d7838a3723ca1b9387ab871f57652cd2d81a9a1b0820031f557e66a38c55a99,validado,3.0,XLSX oficial preservado sem alteracao
sisvan-2025-altura_por_idade-0_a_menor_5_anos-RS,https://sisaps.saude.gov.br/sisvan/relatoriopublico/,dados/brutos/sisvan/altura_por_idade/0_a_menor_5_anos/2025/ufs/RS.xlsx,,ALTURA X IDADE,0 a < 5 anos,2025,2025,Municipios de RS,"{""CO_ESCOLARIDADE"": ""TODOS"", ""CO_POVO_COMUNIDADE"": ""TODOS"", ""coMunicipioIbge"": ""99"", ""coRegiao"": ""99"", ""coUfIbge"": ""43"", ""coVisualizacao"": ""3"", ""co_sistema_origem"": ""0"", ""ds_raca_cor2"": ""99"", ""ds_sexo2"": ""1"", ""excel"": ""1"", ""noRegional"": """", ""nuAno"": ""2025"", ""nuMes[]"": ""99"", ""nu_ciclo_vida"": ""1"", ""nu_idade_fim"": ""5"", ""nu_idade_ges"": ""99"", ""nu_idade_inicio"": ""0"", ""nu_indice_ado"": ""1"", ""nu_indice_cri"": ""3"", ""st_cobertura"": ""99"", ""tpAbrangencia"": ""M"", ""tpAbrangenciaEas"": """", ""tpFiltro"": ""M"", ""tpRelatorio"": ""2""}",2026-09-30T17:11:17-03:00,497,985aca3906977b479bbc37bcd4dc33646394bdbaddaa9bad9f3b06f75d2d7181,validado,3.0,XLSX oficial preservado sem alteracao
sisvan-2025-altura_por_idade-0_a_menor_5_anos-SC,https://sisaps.saude.gov.br/sisvan/relatoriopublico/,dados/brutos/sisvan/altura_por_idade/0_a_menor_5_anos/2025/ufs/SC.xlsx,,ALTURA X IDADE,0 a < 5 anos,2025,2025,Municipios de SC,"{""CO_ESCOLARIDADE"": ""TODOS"", ""CO_POVO_COMUNIDADE"": ""TODOS"", ""coMunicipioIbge"": ""99"", ""coRegiao"": ""99"", ""coUfIbge"": ""42"", ""coVisualizacao"": ""3"", ""co_sistema_origem"": ""0"", ""ds_raca_cor2"": ""99"", ""ds_sexo2"": ""1"", ""excel"": ""1"", ""noRegional"": """", ""nuAno"": ""2025"", ""nuMes[]"": ""99"", ""nu_ciclo_vida"": ""1"", ""nu_idade_fim"": ""5"", ""nu_idade_ges"": ""99"", ""nu_idade_inicio"": ""0"", ""nu_indice_ado"": ""1"", ""nu_indice_cri"": ""3"", ""st_cobertura"": ""99"", ""tpAbrangencia"": ""M"", ""tpAbrangenciaEas"": """", ""tpFiltro"": ""M"", ""tpRelatorio"": ""2""}",2026-09-30T17:11:12-03:00,295,d6c6ce2f1d949d78ce4a9e8ce389dad45eec4d9c4b476019a415c6ba03b1f430,validado,3.0,XLSX oficial preservado sem alteracao
sisvan-2025-altura_por_idade-0_a_menor_5_anos-SE,https://sisaps.saude.gov.br/sisvan/relatoriopublico/,dados/brutos/sisvan/altura_por_idade/0_a_menor_5_anos/2025/ufs/SE.xlsx,,ALTURA X IDADE,0 a < 5 anos,2025,2025,Municipios de SE,"{""CO_ESCOLARIDADE"": ""TODOS"", ""CO_POVO_COMUNIDADE"": ""TODOS"", ""coMunicipioIbge"": ""99"", ""coRegiao"": ""99"", ""coUfIbge"": ""28"", ""coVisualizacao"": ""3"", ""co_sistema_origem"": ""0"", ""ds_raca_cor2"": ""99"", ""ds_sexo2"": ""1"", ""excel"": ""1"", ""noRegional"": """", ""nuAno"": ""2025"", ""nuMes[]"": ""99"", ""nu_ciclo_vida"": ""1"", ""nu_idade_fim"": ""5"", ""nu_idade_ges"": ""99"", ""nu_idade_inicio"": ""0"", ""nu_indice_ado"": ""1"", ""nu_indice_cri"": ""3"", ""st_cobertura"": ""99"", ""tpAbrangencia"": ""M"", ""tpAbrangenciaEas"": """", ""tpFiltro"": ""M"", ""tpRelatorio"": ""2""}",2026-09-30T17:10:40-03:00,75,f76bd1449b775e081d2bf1bb27981b1c60e9c54b445bbb7d5640ebf635d22ce2,validado,3.0,XLSX oficial preservado sem alteracao
sisvan-2025-altura_por_idade-0_a_menor_5_anos-SP,https://sisaps.saude.gov.br/sisvan/relatoriopublico/,dados/brutos/sisvan/altura_por_idade/0_a_menor_5_anos/2025/ufs/SP.xlsx,,ALTURA X IDADE,0 a < 5 anos,2025,2025,Municipios de SP,"{""CO_ESCOLARIDADE"": ""TODOS"", ""CO_POVO_COMUNIDADE"": ""TODOS"", ""coMunicipioIbge"": ""99"", ""coRegiao"": ""99"", ""coUfIbge"": ""35"", ""coVisualizacao"": ""3"", ""co_sistema_origem"": ""0"", ""ds_raca_cor2"": ""99"", ""ds_sexo2"": ""1"", ""excel"": ""1"", ""noRegional"": """", ""nuAno"": ""2025"", ""nuMes[]"": ""99"", ""nu_ciclo_vida"": ""1"", ""nu_idade_fim"": ""5"", ""nu_idade_ges"": ""99"", ""nu_idade_inicio"": ""0"", ""nu_indice_ado"": ""1"", ""nu_indice_cri"": ""3"", ""st_cobertura"": ""99"", ""tpAbrangencia"": ""M"", ""tpAbrangenciaEas"": """", ""tpFiltro"": ""M"", ""tpRelatorio"": ""2""}",2026-09-30T17:11:03-03:00,645,da48f4146a86470150f3c7befa60ea40958aa084c995fccbfe730bd792fab6c5,validado,3.0,XLSX oficial preservado sem alteracao
sisvan-2025-altura_por_idade-0_a_menor_5_anos-TO,https://sisaps.saude.gov.br/sisvan/relatoriopublico/,dados/brutos/sisvan/altura_por_idade/0_a_menor_5_anos/2025/ufs/TO.xlsx,,ALTURA X IDADE,0 a < 5 anos,2025,2025,Municipios de TO,"{""CO_ESCOLARIDADE"": ""TODOS"", ""CO_POVO_COMUNIDADE"": ""TODOS"", ""coMunicipioIbge"": ""99"", ""coRegiao"": ""99"", ""coUfIbge"": ""17"", ""coVisualizacao"": ""3"", ""co_sistema_origem"": ""0"", ""ds_raca_cor2"": ""99"", ""ds_sexo2"": ""1"", ""excel"": ""1"", ""noRegional"": """", ""nuAno"": ""2025"", ""nuMes[]"": ""99"", ""nu_ciclo_vida"": ""1"", ""nu_idade_fim"": ""5"", ""nu_idade_ges"": ""99"", ""nu_idade_inicio"": ""0"", ""nu_indice_ado"": ""1"", ""nu_indice_cri"": ""3"", ""st_cobertura"": ""99"", ""tpAbrangencia"": ""M"", ""tpAbrangenciaEas"": """", ""tpFiltro"": ""M"", ""tpRelatorio"": ""2""}",2026-09-30T17:10:08-03:00,139,32b5d622e1311c98d22e38e85dcd5e1f5d815b66371744a847d7ac64e86fd2f6,validado,3.0,XLSX oficial preservado sem alteracao
sisvan-2025-imc_por_idade-0_a_menor_5_anos-AC,https://sisaps.saude.gov.br/sisvan/relatoriopublico/,dados/brutos/sisvan/imc_por_idade/0_a_menor_5_anos/2025/ufs/AC.xlsx,,IMC X IDADE,0 a < 5 anos,2025,2025,Municipios de AC,"{""CO_ESCOLARIDADE"": ""TODOS"", ""CO_POVO_COMUNIDADE"": ""TODOS"", ""coMunicipioIbge"": ""99"", ""coRegiao"": ""99"", ""coUfIbge"": ""12"", ""coVisualizacao"": ""3"", ""co_sistema_origem"": ""0"", ""ds_raca_cor2"": ""99"", ""ds_sexo2"": ""1"", ""excel"": ""1"", ""noRegional"": """", ""nuAno"": ""2025"", ""nuMes[]"": ""99"", ""nu_ciclo_vida"": ""1"", ""nu_idade_fim"": ""5"", ""nu_idade_ges"": ""99"", ""nu_idade_inicio"": ""0"", ""nu_indice_ado"": ""1"", ""nu_indice_cri"": ""4"", ""st_cobertura"": ""99"", ""tpAbrangencia"": ""M"", ""tpAbrangenciaEas"": """", ""tpFiltro"": ""M"", ""tpRelatorio"": ""2""}",2026-09-30T17:08:11-03:00,22,4875b1de455eb534c2eddd7992c60ed3cbdf2a018e81c04eae8738d0671d5d92,validado,3.0,XLSX oficial preservado sem alteracao
sisvan-2025-imc_por_idade-0_a_menor_5_anos-AL,https://sisaps.saude.gov.br/sisvan/relatoriopublico/,dados/brutos/sisvan/imc_por_idade/0_a_menor_5_anos/2025/ufs/AL.xlsx,,IMC X IDADE,0 a < 5 anos,2025,2025,Municipios de AL,"{""CO_ESCOLARIDADE"": ""TODOS"", ""CO_POVO_COMUNIDADE"": ""TODOS"", ""coMunicipioIbge"": ""99"", ""coRegiao"": ""99"", ""coUfIbge"": ""27"", ""coVisualizacao"": ""3"", ""co_sistema_origem"": ""0"", ""ds_raca_cor2"": ""99"", ""ds_sexo2"": ""1"", ""excel"": ""1"", ""noRegional"": """", ""nuAno"": ""2025"", ""nuMes[]"": ""99"", ""nu_ciclo_vida"": ""1"", ""nu_idade_fim"": ""5"", ""nu_idade_ges"": ""99"", ""nu_idade_inicio"": ""0"", ""nu_indice_ado"": ""1"", ""nu_indice_cri"": ""4"", ""st_cobertura"": ""99"", ""tpAbrangencia"": ""M"", ""tpAbrangenciaEas"": """", ""tpFiltro"": ""M"", ""tpRelatorio"": ""2""}",2026-09-30T17:08:55-03:00,102,60c21329286726e3baa3e8063cb224426dcb6434016978c472c3999ee3e4e31f,validado,3.0,XLSX oficial preservado sem alteracao
sisvan-2025-imc_por_idade-0_a_menor_5_anos-AM,https://sisaps.saude.gov.br/sisvan/relatoriopublico/,dados/brutos/sisvan/imc_por_idade/0_a_menor_5_anos/2025/ufs/AM.xlsx,,IMC X IDADE,0 a < 5 anos,2025,2025,Municipios de AM,"{""CO_ESCOLARIDADE"": ""TODOS"", ""CO_POVO_COMUNIDADE"": ""TODOS"", ""coMunicipioIbge"": ""99"", ""coRegiao"": ""99"", ""coUfIbge"": ""13"", ""coVisualizacao"": ""3"", ""co_sistema_origem"": ""0"", ""ds_raca_cor2"": ""99"", ""ds_sexo2"": ""1"", ""excel"": ""1"", ""noRegional"": """", ""nuAno"": ""2025"", ""nuMes[]"": ""99"", ""nu_ciclo_vida"": ""1"", ""nu_idade_fim"": ""5"", ""nu_idade_ges"": ""99"", ""nu_idade_inicio"": ""0"", ""nu_indice_ado"": ""1"", ""nu_indice_cri"": ""4"", ""st_cobertura"": ""99"", ""tpAbrangencia"": ""M"", ""tpAbrangenciaEas"": """", ""tpFiltro"": ""M"", ""tpRelatorio"": ""2""}",2026-09-30T17:08:15-03:00,62,53479e9ae685f2d6a8c36e116a1cecde473667ff9cd9c291677f192939fb6d7d,validado,3.0,XLSX oficial preservado sem alteracao
sisvan-2025-imc_por_idade-0_a_menor_5_anos-AP,https://sisaps.saude.gov.br/sisvan/relatoriopublico/,dados/brutos/sisvan/imc_por_idade/0_a_menor_5_anos/2025/ufs/AP.xlsx,,IMC X IDADE,0 a < 5 anos,2025,2025,Municipios de AP,"{""CO_ESCOLARIDADE"": ""TODOS"", ""CO_POVO_COMUNIDADE"": ""TODOS"", ""coMunicipioIbge"": ""99"", ""coRegiao"": ""99"", ""coUfIbge"": ""16"", ""coVisualizacao"": ""3"", ""co_sistema_origem"": ""0"", ""ds_raca_cor2"": ""99"", ""ds_sexo2"": ""1"", ""excel"": ""1"", ""noRegional"": """", ""nuAno"": ""2025"", ""nuMes[]"": ""99"", ""nu_ciclo_vida"": ""1"", ""nu_idade_fim"": ""5"", ""nu_idade_ges"": ""99"", ""nu_idade_inicio"": ""0"", ""nu_indice_ado"": ""1"", ""nu_indice_cri"": ""4"", ""st_cobertura"": ""99"", ""tpAbrangencia"": ""M"", ""tpAbrangenciaEas"": """", ""tpFiltro"": ""M"", ""tpRelatorio"": ""2""}",2026-09-30T17:08:26-03:00,16,ff724745c6f3b5430c9ffadaf708b1385dcf32ea0464ec37ea3f0defa8a02ab9,validado,3.0,XLSX oficial preservado sem alteracao
sisvan-2025-imc_por_idade-0_a_menor_5_anos-BA,https://sisaps.saude.gov.br/sisvan/relatoriopublico/,dados/brutos/sisvan/imc_por_idade/0_a_menor_5_anos/2025/ufs/BA.xlsx,,IMC X IDADE,0 a < 5 anos,2025,2025,Municipios de BA,"{""CO_ESCOLARIDADE"": ""TODOS"", ""CO_POVO_COMUNIDADE"": ""TODOS"", ""coMunicipioIbge"": ""99"", ""coRegiao"": ""99"", ""coUfIbge"": ""29"", ""coVisualizacao"": ""3"", ""co_sistema_origem"": ""0"", ""ds_raca_cor2"": ""99"", ""ds_sexo2"": ""1"", ""excel"": ""1"", ""noRegional"": """", ""nuAno"": ""2025"", ""nuMes[]"": ""99"", ""nu_ciclo_vida"": ""1"", ""nu_idade_fim"": ""5"", ""nu_idade_ges"": ""99"", ""nu_idade_inicio"": ""0"", ""nu_indice_ado"": ""1"", ""nu_indice_cri"": ""4"", ""st_cobertura"": ""99"", ""tpAbrangencia"": ""M"", ""tpAbrangenciaEas"": """", ""tpFiltro"": ""M"", ""tpRelatorio"": ""2""}",2026-09-30T17:09:02-03:00,417,3c9d45222a78503fe37b2ddceebaddcd7f95905cb711a90ae16805497c09eb38,validado,3.0,XLSX oficial preservado sem alteracao
sisvan-2025-imc_por_idade-0_a_menor_5_anos-CE,https://sisaps.saude.gov.br/sisvan/relatoriopublico/,dados/brutos/sisvan/imc_por_idade/0_a_menor_5_anos/2025/ufs/CE.xlsx,,IMC X IDADE,0 a < 5 anos,2025,2025,Municipios de CE,"{""CO_ESCOLARIDADE"": ""TODOS"", ""CO_POVO_COMUNIDADE"": ""TODOS"", ""coMunicipioIbge"": ""99"", ""coRegiao"": ""99"", ""coUfIbge"": ""23"", ""coVisualizacao"": ""3"", ""co_sistema_origem"": ""0"", ""ds_raca_cor2"": ""99"", ""ds_sexo2"": ""1"", ""excel"": ""1"", ""noRegional"": """", ""nuAno"": ""2025"", ""nuMes[]"": ""99"", ""nu_ciclo_vida"": ""1"", ""nu_idade_fim"": ""5"", ""nu_idade_ges"": ""99"", ""nu_idade_inicio"": ""0"", ""nu_indice_ado"": ""1"", ""nu_indice_cri"": ""4"", ""st_cobertura"": ""99"", ""tpAbrangencia"": ""M"", ""tpAbrangenciaEas"": """", ""tpFiltro"": ""M"", ""tpRelatorio"": ""2""}",2026-09-30T17:08:40-03:00,184,4e52fbaa41bea4566b5e11e5d67fafec6f6f0fb31e85b5960bfb17f1883ec034,validado,3.0,XLSX oficial preservado sem alteracao
sisvan-2025-imc_por_idade-0_a_menor_5_anos-DF,https://sisaps.saude.gov.br/sisvan/relatoriopublico/,dados/brutos/sisvan/imc_por_idade/0_a_menor_5_anos/2025/ufs/DF.xlsx,,IMC X IDADE,0 a < 5 anos,2025,2025,Municipios de DF,"{""CO_ESCOLARIDADE"": ""TODOS"", ""CO_POVO_COMUNIDADE"": ""TODOS"", ""coMunicipioIbge"": ""99"", ""coRegiao"": ""99"", ""coUfIbge"": ""53"", ""coVisualizacao"": ""3"", ""co_sistema_origem"": ""0"", ""ds_raca_cor2"": ""99"", ""ds_sexo2"": ""1"", ""excel"": ""1"", ""noRegional"": """", ""nuAno"": ""2025"", ""nuMes[]"": ""99"", ""nu_ciclo_vida"": ""1"", ""nu_idade_fim"": ""5"", ""nu_idade_ges"": ""99"", ""nu_idade_inicio"": ""0"", ""nu_indice_ado"": ""1"", ""nu_indice_cri"": ""4"", ""st_cobertura"": ""99"", ""tpAbrangencia"": ""M"", ""tpAbrangenciaEas"": """", ""tpFiltro"": ""M"", ""tpRelatorio"": ""2""}",2026-09-30T17:09:47-03:00,1,0e5a07be7229a6ad8e3e0d71ac367dc8c3a5159ac2dae9b433b6a59756787c36,validado,3.0,XLSX oficial preservado sem alteracao
sisvan-2025-imc_por_idade-0_a_menor_5_anos-ES,https://sisaps.saude.gov.br/sisvan/relatoriopublico/,dados/brutos/sisvan/imc_por_idade/0_a_menor_5_anos/2025/ufs/ES.xlsx,,IMC X IDADE,0 a < 5 anos,2025,2025,Municipios de ES,"{""CO_ESCOLARIDADE"": ""TODOS"", ""CO_POVO_COMUNIDADE"": ""TODOS"", ""coMunicipioIbge"": ""99"", ""coRegiao"": ""99"", ""coUfIbge"": ""32"", ""coVisualizacao"": ""3"", ""co_sistema_origem"": ""0"", ""ds_raca_cor2"": ""99"", ""ds_sexo2"": ""1"", ""excel"": ""1"", ""noRegional"": """", ""nuAno"": ""2025"", ""nuMes[]"": ""99"", ""nu_ciclo_vida"": ""1"", ""nu_idade_fim"": ""5"", ""nu_idade_ges"": ""99"", ""nu_idade_inicio"": ""0"", ""nu_indice_ado"": ""1"", ""nu_indice_cri"": ""4"", ""st_cobertura"": ""99"", ""tpAbrangencia"": ""M"", ""tpAbrangenciaEas"": """", ""tpFiltro"": ""M"", ""tpRelatorio"": ""2""}",2026-09-30T17:09:12-03:00,78,f59028366b56e24d4fa71ca0784b1ad2bfa8ff6e2638e85e6494d7ed235c1742,validado,3.0,XLSX oficial preservado sem alteracao
sisvan-2025-imc_por_idade-0_a_menor_5_anos-GO,https://sisaps.saude.gov.br/sisvan/relatoriopublico/,dados/brutos/sisvan/imc_por_idade/0_a_menor_5_anos/2025/ufs/GO.xlsx,,IMC X IDADE,0 a < 5 anos,2025,2025,Municipios de GO,"{""CO_ESCOLARIDADE"": ""TODOS"", ""CO_POVO_COMUNIDADE"": ""TODOS"", ""coMunicipioIbge"": ""99"", ""coRegiao"": ""99"", ""coUfIbge"": ""52"", ""coVisualizacao"": ""3"", ""co_sistema_origem"": ""0"", ""ds_raca_cor2"": ""99"", ""ds_sexo2"": ""1"", ""excel"": ""1"", ""noRegional"": """", ""nuAno"": ""2025"", ""nuMes[]"": ""99"", ""nu_ciclo_vida"": ""1"", ""nu_idade_fim"": ""5"", ""nu_idade_ges"": ""99"", ""nu_idade_inicio"": ""0"", ""nu_indice_ado"": ""1"", ""nu_indice_cri"": ""4"", ""st_cobertura"": ""99"", ""tpAbrangencia"": ""M"", ""tpAbrangenciaEas"": """", ""tpFiltro"": ""M"", ""tpRelatorio"": ""2""}",2026-09-30T17:09:43-03:00,246,1918c4fc3fe237e8d19540b91526655cc4b21fc13efe8572ccb80e5ebe1cc68f,validado,3.0,XLSX oficial preservado sem alteracao
sisvan-2025-imc_por_idade-0_a_menor_5_anos-MA,https://sisaps.saude.gov.br/sisvan/relatoriopublico/,dados/brutos/sisvan/imc_por_idade/0_a_menor_5_anos/2025/ufs/MA.xlsx,,IMC X IDADE,0 a < 5 anos,2025,2025,Municipios de MA,"{""CO_ESCOLARIDADE"": ""TODOS"", ""CO_POVO_COMUNIDADE"": ""TODOS"", ""coMunicipioIbge"": ""99"", ""coRegiao"": ""99"", ""coUfIbge"": ""21"", ""coVisualizacao"": ""3"", ""co_sistema_origem"": ""0"", ""ds_raca_cor2"": ""99"", ""ds_sexo2"": ""1"", ""excel"": ""1"", ""noRegional"": """", ""nuAno"": ""2025"", ""nuMes[]"": ""99"", ""nu_ciclo_vida"": ""1"", ""nu_idade_fim"": ""5"", ""nu_idade_ges"": ""99"", ""nu_idade_inicio"": ""0"", ""nu_indice_ado"": ""1"", ""nu_indice_cri"": ""4"", ""st_cobertura"": ""99"", ""tpAbrangencia"": ""M"", ""tpAbrangenciaEas"": """", ""tpFiltro"": ""M"", ""tpRelatorio"": ""2""}",2026-09-30T17:08:33-03:00,217,62b18a98c6f7a040611bc5d73fe10512182d541dfef2376eaedb7713576fa34d,validado,3.0,XLSX oficial preservado sem alteracao
sisvan-2025-imc_por_idade-0_a_menor_5_anos-MG,https://sisaps.saude.gov.br/sisvan/relatoriopublico/,dados/brutos/sisvan/imc_por_idade/0_a_menor_5_anos/2025/ufs/MG.xlsx,,IMC X IDADE,0 a < 5 anos,2025,2025,Municipios de MG,"{""CO_ESCOLARIDADE"": ""TODOS"", ""CO_POVO_COMUNIDADE"": ""TODOS"", ""coMunicipioIbge"": ""99"", ""coRegiao"": ""99"", ""coUfIbge"": ""31"", ""coVisualizacao"": ""3"", ""co_sistema_origem"": ""0"", ""ds_raca_cor2"": ""99"", ""ds_sexo2"": ""1"", ""excel"": ""1"", ""noRegional"": """", ""nuAno"": ""2025"", ""nuMes[]"": ""99"", ""nu_ciclo_vida"": ""1"", ""nu_idade_fim"": ""5"", ""nu_idade_ges"": ""99"", ""nu_idade_inicio"": ""0"", ""nu_indice_ado"": ""1"", ""nu_indice_cri"": ""4"", ""st_cobertura"": ""99"", ""tpAbrangencia"": ""M"", ""tpAbrangenciaEas"": """", ""tpFiltro"": ""M"", ""tpRelatorio"": ""2""}",2026-09-30T17:09:07-03:00,853,86a1ca78a08c3f3b25da8a9ce36cb7f01c6c13c5bebdd9f8f6d9495a86c408cb,validado,3.0,XLSX oficial preservado sem alteracao
sisvan-2025-imc_por_idade-0_a_menor_5_anos-MS,https://sisaps.saude.gov.br/sisvan/relatoriopublico/,dados/brutos/sisvan/imc_por_idade/0_a_menor_5_anos/2025/ufs/MS.xlsx,,IMC X IDADE,0 a < 5 anos,2025,2025,Municipios de MS,"{""CO_ESCOLARIDADE"": ""TODOS"", ""CO_POVO_COMUNIDADE"": ""TODOS"", ""coMunicipioIbge"": ""99"", ""coRegiao"": ""99"", ""coUfIbge"": ""50"", ""coVisualizacao"": ""3"", ""co_sistema_origem"": ""0"", ""ds_raca_cor2"": ""99"", ""ds_sexo2"": ""1"", ""excel"": ""1"", ""noRegional"": """", ""nuAno"": ""2025"", ""nuMes[]"": ""99"", ""nu_ciclo_vida"": ""1"", ""nu_idade_fim"": ""5"", ""nu_idade_ges"": ""99"", ""nu_idade_inicio"": ""0"", ""nu_indice_ado"": ""1"", ""nu_indice_cri"": ""4"", ""st_cobertura"": ""99"", ""tpAbrangencia"": ""M"", ""tpAbrangenciaEas"": """", ""tpFiltro"": ""M"", ""tpRelatorio"": ""2""}",2026-09-30T17:09:37-03:00,79,e41f6683bfb282a012ce99b22a4c710aa8707660ea53cf288d5ff18a9f09f657,validado,3.0,XLSX oficial preservado sem alteracao
sisvan-2025-imc_por_idade-0_a_menor_5_anos-MT,https://sisaps.saude.gov.br/sisvan/relatoriopublico/,dados/brutos/sisvan/imc_por_idade/0_a_menor_5_anos/2025/ufs/MT.xlsx,,IMC X IDADE,0 a < 5 anos,2025,2025,Municipios de MT,"{""CO_ESCOLARIDADE"": ""TODOS"", ""CO_POVO_COMUNIDADE"": ""TODOS"", ""coMunicipioIbge"": ""99"", ""coRegiao"": ""99"", ""coUfIbge"": ""51"", ""coVisualizacao"": ""3"", ""co_sistema_origem"": ""0"", ""ds_raca_cor2"": ""99"", ""ds_sexo2"": ""1"", ""excel"": ""1"", ""noRegional"": """", ""nuAno"": ""2025"", ""nuMes[]"": ""99"", ""nu_ciclo_vida"": ""1"", ""nu_idade_fim"": ""5"", ""nu_idade_ges"": ""99"", ""nu_idade_inicio"": ""0"", ""nu_indice_ado"": ""1"", ""nu_indice_cri"": ""4"", ""st_cobertura"": ""99"", ""tpAbrangencia"": ""M"", ""tpAbrangenciaEas"": """", ""tpFiltro"": ""M"", ""tpRelatorio"": ""2""}",2026-09-30T17:09:40-03:00,142,6fa7bf57d86bffca0e1e2b9f99b867421d65cef472c3477b2b9dbcb1314a4c56,validado,3.0,XLSX oficial preservado sem alteracao
sisvan-2025-imc_por_idade-0_a_menor_5_anos-PA,https://sisaps.saude.gov.br/sisvan/relatoriopublico/,dados/brutos/sisvan/imc_por_idade/0_a_menor_5_anos/2025/ufs/PA.xlsx,,IMC X IDADE,0 a < 5 anos,2025,2025,Municipios de PA,"{""CO_ESCOLARIDADE"": ""TODOS"", ""CO_POVO_COMUNIDADE"": ""TODOS"", ""coMunicipioIbge"": ""99"", ""coRegiao"": ""99"", ""coUfIbge"": ""15"", ""coVisualizacao"": ""3"", ""co_sistema_origem"": ""0"", ""ds_raca_cor2"": ""99"", ""ds_sexo2"": ""1"", ""excel"": ""1"", ""noRegional"": """", ""nuAno"": ""2025"", ""nuMes[]"": ""99"", ""nu_ciclo_vida"": ""1"", ""nu_idade_fim"": ""5"", ""nu_idade_ges"": ""99"", ""nu_idade_inicio"": ""0"", ""nu_indice_ado"": ""1"", ""nu_indice_cri"": ""4"", ""st_cobertura"": ""99"", ""tpAbrangencia"": ""M"", ""tpAbrangenciaEas"": """", ""tpFiltro"": ""M"", ""tpRelatorio"": ""2""}",2026-09-30T17:08:23-03:00,144,44d5905b05ea838d8b9b9e1fd70ead8a46b72ce1d0585812f895312d56b0715d,validado,3.0,XLSX oficial preservado sem alteracao
sisvan-2025-imc_por_idade-0_a_menor_5_anos-PB,https://sisaps.saude.gov.br/sisvan/relatoriopublico/,dados/brutos/sisvan/imc_por_idade/0_a_menor_5_anos/2025/ufs/PB.xlsx,,IMC X IDADE,0 a < 5 anos,2025,2025,Municipios de PB,"{""CO_ESCOLARIDADE"": ""TODOS"", ""CO_POVO_COMUNIDADE"": ""TODOS"", ""coMunicipioIbge"": ""99"", ""coRegiao"": ""99"", ""coUfIbge"": ""25"", ""coVisualizacao"": ""3"", ""co_sistema_origem"": ""0"", ""ds_raca_cor2"": ""99"", ""ds_sexo2"": ""1"", ""excel"": ""1"", ""noRegional"": """", ""nuAno"": ""2025"", ""nuMes[]"": ""99"", ""nu_ciclo_vida"": ""1"", ""nu_idade_fim"": ""5"", ""nu_idade_ges"": ""99"", ""nu_idade_inicio"": ""0"", ""nu_indice_ado"": ""1"", ""nu_indice_cri"": ""4"", ""st_cobertura"": ""99"", ""tpAbrangencia"": ""M"", ""tpAbrangenciaEas"": """", ""tpFiltro"": ""M"", ""tpRelatorio"": ""2""}",2026-09-30T17:08:47-03:00,223,9d3e213eadec7904c62ca2eabd54d6fa41c0156385af5c673dafff0f1ab788b2,validado,3.0,XLSX oficial preservado sem alteracao
sisvan-2025-imc_por_idade-0_a_menor_5_anos-PE,https://sisaps.saude.gov.br/sisvan/relatoriopublico/,dados/brutos/sisvan/imc_por_idade/0_a_menor_5_anos/2025/ufs/PE.xlsx,,IMC X IDADE,0 a < 5 anos,2025,2025,Municipios de PE,"{""CO_ESCOLARIDADE"": ""TODOS"", ""CO_POVO_COMUNIDADE"": ""TODOS"", ""coMunicipioIbge"": ""99"", ""coRegiao"": ""99"", ""coUfIbge"": ""26"", ""coVisualizacao"": ""3"", ""co_sistema_origem"": ""0"", ""ds_raca_cor2"": ""99"", ""ds_sexo2"": ""1"", ""excel"": ""1"", ""noRegional"": """", ""nuAno"": ""2025"", ""nuMes[]"": ""99"", ""nu_ciclo_vida"": ""1"", ""nu_idade_fim"": ""5"", ""nu_idade_ges"": ""99"", ""nu_idade_inicio"": ""0"", ""nu_indice_ado"": ""1"", ""nu_indice_cri"": ""4"", ""st_cobertura"": ""99"", ""tpAbrangencia"": ""M"", ""tpAbrangenciaEas"": """", ""tpFiltro"": ""M"", ""tpRelatorio"": ""2""}",2026-09-30T17:08:51-03:00,185,cabeac4c2185ac064adbf6dd3158c70def21792c6d36b0ad5759593017bb7876,validado,3.0,XLSX oficial preservado sem alteracao
sisvan-2025-imc_por_idade-0_a_menor_5_anos-PI,https://sisaps.saude.gov.br/sisvan/relatoriopublico/,dados/brutos/sisvan/imc_por_idade/0_a_menor_5_anos/2025/ufs/PI.xlsx,,IMC X IDADE,0 a < 5 anos,2025,2025,Municipios de PI,"{""CO_ESCOLARIDADE"": ""TODOS"", ""CO_POVO_COMUNIDADE"": ""TODOS"", ""coMunicipioIbge"": ""99"", ""coRegiao"": ""99"", ""coUfIbge"": ""22"", ""coVisualizacao"": ""3"", ""co_sistema_origem"": ""0"", ""ds_raca_cor2"": ""99"", ""ds_sexo2"": ""1"", ""excel"": ""1"", ""noRegional"": """", ""nuAno"": ""2025"", ""nuMes[]"": ""99"", ""nu_ciclo_vida"": ""1"", ""nu_idade_fim"": ""5"", ""nu_idade_ges"": ""99"", ""nu_idade_inicio"": ""0"", ""nu_indice_ado"": ""1"", ""nu_indice_cri"": ""4"", ""st_cobertura"": ""99"", ""tpAbrangencia"": ""M"", ""tpAbrangenciaEas"": """", ""tpFiltro"": ""M"", ""tpRelatorio"": ""2""}",2026-09-30T17:08:37-03:00,224,ce22548d3c46a818975def34111db5adbd01e828706876d787a9dea74ea43ced,validado,3.0,XLSX oficial preservado sem alteracao
sisvan-2025-imc_por_idade-0_a_menor_5_anos-PR,https://sisaps.saude.gov.br/sisvan/relatoriopublico/,dados/brutos/sisvan/imc_por_idade/0_a_menor_5_anos/2025/ufs/PR.xlsx,,IMC X IDADE,0 a < 5 anos,2025,2025,Municipios de PR,"{""CO_ESCOLARIDADE"": ""TODOS"", ""CO_POVO_COMUNIDADE"": ""TODOS"", ""coMunicipioIbge"": ""99"", ""coRegiao"": ""99"", ""coUfIbge"": ""41"", ""coVisualizacao"": ""3"", ""co_sistema_origem"": ""0"", ""ds_raca_cor2"": ""99"", ""ds_sexo2"": ""1"", ""excel"": ""1"", ""noRegional"": """", ""nuAno"": ""2025"", ""nuMes[]"": ""99"", ""nu_ciclo_vida"": ""1"", ""nu_idade_fim"": ""5"", ""nu_idade_ges"": ""99"", ""nu_idade_inicio"": ""0"", ""nu_indice_ado"": ""1"", ""nu_indice_cri"": ""4"", ""st_cobertura"": ""99"", ""tpAbrangencia"": ""M"", ""tpAbrangenciaEas"": """", ""tpFiltro"": ""M"", ""tpRelatorio"": ""2""}",2026-09-30T17:09:24-03:00,399,3b47c138f95702d789e24bdf976c62727dde137743bbdd6b4b30d968928d6820,validado,3.0,XLSX oficial preservado sem alteracao
sisvan-2025-imc_por_idade-0_a_menor_5_anos-RJ,https://sisaps.saude.gov.br/sisvan/relatoriopublico/,dados/brutos/sisvan/imc_por_idade/0_a_menor_5_anos/2025/ufs/RJ.xlsx,,IMC X IDADE,0 a < 5 anos,2025,2025,Municipios de RJ,"{""CO_ESCOLARIDADE"": ""TODOS"", ""CO_POVO_COMUNIDADE"": ""TODOS"", ""coMunicipioIbge"": ""99"", ""coRegiao"": ""99"", ""coUfIbge"": ""33"", ""coVisualizacao"": ""3"", ""co_sistema_origem"": ""0"", ""ds_raca_cor2"": ""99"", ""ds_sexo2"": ""1"", ""excel"": ""1"", ""noRegional"": """", ""nuAno"": ""2025"", ""nuMes[]"": ""99"", ""nu_ciclo_vida"": ""1"", ""nu_idade_fim"": ""5"", ""nu_idade_ges"": ""99"", ""nu_idade_inicio"": ""0"", ""nu_indice_ado"": ""1"", ""nu_indice_cri"": ""4"", ""st_cobertura"": ""99"", ""tpAbrangencia"": ""M"", ""tpAbrangenciaEas"": """", ""tpFiltro"": ""M"", ""tpRelatorio"": ""2""}",2026-09-30T17:09:16-03:00,92,fa0abb039ae756640007bba3e6d2cc489c5a7810aa5df399f0728b203c9fdc46,validado,3.0,XLSX oficial preservado sem alteracao
sisvan-2025-imc_por_idade-0_a_menor_5_anos-RN,https://sisaps.saude.gov.br/sisvan/relatoriopublico/,dados/brutos/sisvan/imc_por_idade/0_a_menor_5_anos/2025/ufs/RN.xlsx,,IMC X IDADE,0 a < 5 anos,2025,2025,Municipios de RN,"{""CO_ESCOLARIDADE"": ""TODOS"", ""CO_POVO_COMUNIDADE"": ""TODOS"", ""coMunicipioIbge"": ""99"", ""coRegiao"": ""99"", ""coUfIbge"": ""24"", ""coVisualizacao"": ""3"", ""co_sistema_origem"": ""0"", ""ds_raca_cor2"": ""99"", ""ds_sexo2"": ""1"", ""excel"": ""1"", ""noRegional"": """", ""nuAno"": ""2025"", ""nuMes[]"": ""99"", ""nu_ciclo_vida"": ""1"", ""nu_idade_fim"": ""5"", ""nu_idade_ges"": ""99"", ""nu_idade_inicio"": ""0"", ""nu_indice_ado"": ""1"", ""nu_indice_cri"": ""4"", ""st_cobertura"": ""99"", ""tpAbrangencia"": ""M"", ""tpAbrangenciaEas"": """", ""tpFiltro"": ""M"", ""tpRelatorio"": ""2""}",2026-09-30T17:08:44-03:00,167,4af0257535b8ccf9388c44731a713b64c277e3dd6f58f192a95d4f3faf636b17,validado,3.0,XLSX oficial preservado sem alteracao
sisvan-2025-imc_por_idade-0_a_menor_5_anos-RO,https://sisaps.saude.gov.br/sisvan/relatoriopublico/,dados/brutos/sisvan/imc_por_idade/0_a_menor_5_anos/2025/ufs/RO.xlsx,,IMC X IDADE,0 a < 5 anos,2025,2025,Municipios de RO,"{""CO_ESCOLARIDADE"": ""TODOS"", ""CO_POVO_COMUNIDADE"": ""TODOS"", ""coMunicipioIbge"": ""99"", ""coRegiao"": ""99"", ""coUfIbge"": ""11"", ""coVisualizacao"": ""3"", ""co_sistema_origem"": ""0"", ""ds_raca_cor2"": ""99"", ""ds_sexo2"": ""1"", ""excel"": ""1"", ""noRegional"": """", ""nuAno"": ""2025"", ""nuMes[]"": ""99"", ""nu_ciclo_vida"": ""1"", ""nu_idade_fim"": ""5"", ""nu_idade_ges"": ""99"", ""nu_idade_inicio"": ""0"", ""nu_indice_ado"": ""1"", ""nu_indice_cri"": ""4"", ""st_cobertura"": ""99"", ""tpAbrangencia"": ""M"", ""tpAbrangenciaEas"": """", ""tpFiltro"": ""M"", ""tpRelatorio"": ""2""}",2026-09-30T17:07:47-03:00,52,0da74e8f7227b3cb15373c5dbee11dcb5a94e9b1efe173af94e410b87ade981a,validado,3.0,XLSX oficial preservado sem alteracao
sisvan-2025-imc_por_idade-0_a_menor_5_anos-RR,https://sisaps.saude.gov.br/sisvan/relatoriopublico/,dados/brutos/sisvan/imc_por_idade/0_a_menor_5_anos/2025/ufs/RR.xlsx,,IMC X IDADE,0 a < 5 anos,2025,2025,Municipios de RR,"{""CO_ESCOLARIDADE"": ""TODOS"", ""CO_POVO_COMUNIDADE"": ""TODOS"", ""coMunicipioIbge"": ""99"", ""coRegiao"": ""99"", ""coUfIbge"": ""14"", ""coVisualizacao"": ""3"", ""co_sistema_origem"": ""0"", ""ds_raca_cor2"": ""99"", ""ds_sexo2"": ""1"", ""excel"": ""1"", ""noRegional"": """", ""nuAno"": ""2025"", ""nuMes[]"": ""99"", ""nu_ciclo_vida"": ""1"", ""nu_idade_fim"": ""5"", ""nu_idade_ges"": ""99"", ""nu_idade_inicio"": ""0"", ""nu_indice_ado"": ""1"", ""nu_indice_cri"": ""4"", ""st_cobertura"": ""99"", ""tpAbrangencia"": ""M"", ""tpAbrangenciaEas"": """", ""tpFiltro"": ""M"", ""tpRelatorio"": ""2""}",2026-09-30T17:08:19-03:00,15,59f3b5dbeee4868cefcab3f1f610d4ff1fe6327a437ca4b418289e5c19bb4cb8,validado,3.0,XLSX oficial preservado sem alteracao
sisvan-2025-imc_por_idade-0_a_menor_5_anos-RS,https://sisaps.saude.gov.br/sisvan/relatoriopublico/,dados/brutos/sisvan/imc_por_idade/0_a_menor_5_anos/2025/ufs/RS.xlsx,,IMC X IDADE,0 a < 5 anos,2025,2025,Municipios de RS,"{""CO_ESCOLARIDADE"": ""TODOS"", ""CO_POVO_COMUNIDADE"": ""TODOS"", ""coMunicipioIbge"": ""99"", ""coRegiao"": ""99"", ""coUfIbge"": ""43"", ""coVisualizacao"": ""3"", ""co_sistema_origem"": ""0"", ""ds_raca_cor2"": ""99"", ""ds_sexo2"": ""1"", ""excel"": ""1"", ""noRegional"": """", ""nuAno"": ""2025"", ""nuMes[]"": ""99"", ""nu_ciclo_vida"": ""1"", ""nu_idade_fim"": ""5"", ""nu_idade_ges"": ""99"", ""nu_idade_inicio"": ""0"", ""nu_indice_ado"": ""1"", ""nu_indice_cri"": ""4"", ""st_cobertura"": ""99"", ""tpAbrangencia"": ""M"", ""tpAbrangenciaEas"": """", ""tpFiltro"": ""M"", ""tpRelatorio"": ""2""}",2026-09-30T17:09:33-03:00,497,cd4c8171b2b5ae3b78c82936c68642c15a71f03d6fbb7c0670bae7cb9476493e,validado,3.0,XLSX oficial preservado sem alteracao
sisvan-2025-imc_por_idade-0_a_menor_5_anos-SC,https://sisaps.saude.gov.br/sisvan/relatoriopublico/,dados/brutos/sisvan/imc_por_idade/0_a_menor_5_anos/2025/ufs/SC.xlsx,,IMC X IDADE,0 a < 5 anos,2025,2025,Municipios de SC,"{""CO_ESCOLARIDADE"": ""TODOS"", ""CO_POVO_COMUNIDADE"": ""TODOS"", ""coMunicipioIbge"": ""99"", ""coRegiao"": ""99"", ""coUfIbge"": ""42"", ""coVisualizacao"": ""3"", ""co_sistema_origem"": ""0"", ""ds_raca_cor2"": ""99"", ""ds_sexo2"": ""1"", ""excel"": ""1"", ""noRegional"": """", ""nuAno"": ""2025"", ""nuMes[]"": ""99"", ""nu_ciclo_vida"": ""1"", ""nu_idade_fim"": ""5"", ""nu_idade_ges"": ""99"", ""nu_idade_inicio"": ""0"", ""nu_indice_ado"": ""1"", ""nu_indice_cri"": ""4"", ""st_cobertura"": ""99"", ""tpAbrangencia"": ""M"", ""tpAbrangenciaEas"": """", ""tpFiltro"": ""M"", ""tpRelatorio"": ""2""}",2026-09-30T17:09:28-03:00,295,cbaf765187c65318a2af45b7be3c67df2484fcbd0112809186aaa930e34b7d35,validado,3.0,XLSX oficial preservado sem alteracao
sisvan-2025-imc_por_idade-0_a_menor_5_anos-SE,https://sisaps.saude.gov.br/sisvan/relatoriopublico/,dados/brutos/sisvan/imc_por_idade/0_a_menor_5_anos/2025/ufs/SE.xlsx,,IMC X IDADE,0 a < 5 anos,2025,2025,Municipios de SE,"{""CO_ESCOLARIDADE"": ""TODOS"", ""CO_POVO_COMUNIDADE"": ""TODOS"", ""coMunicipioIbge"": ""99"", ""coRegiao"": ""99"", ""coUfIbge"": ""28"", ""coVisualizacao"": ""3"", ""co_sistema_origem"": ""0"", ""ds_raca_cor2"": ""99"", ""ds_sexo2"": ""1"", ""excel"": ""1"", ""noRegional"": """", ""nuAno"": ""2025"", ""nuMes[]"": ""99"", ""nu_ciclo_vida"": ""1"", ""nu_idade_fim"": ""5"", ""nu_idade_ges"": ""99"", ""nu_idade_inicio"": ""0"", ""nu_indice_ado"": ""1"", ""nu_indice_cri"": ""4"", ""st_cobertura"": ""99"", ""tpAbrangencia"": ""M"", ""tpAbrangenciaEas"": """", ""tpFiltro"": ""M"", ""tpRelatorio"": ""2""}",2026-09-30T17:08:58-03:00,75,ca2ce95870926a4576502ebe2885e867b963c965fc80d3d6f0c9975c88def22a,validado,3.0,XLSX oficial preservado sem alteracao
sisvan-2025-imc_por_idade-0_a_menor_5_anos-SP,https://sisaps.saude.gov.br/sisvan/relatoriopublico/,dados/brutos/sisvan/imc_por_idade/0_a_menor_5_anos/2025/ufs/SP.xlsx,,IMC X IDADE,0 a < 5 anos,2025,2025,Municipios de SP,"{""CO_ESCOLARIDADE"": ""TODOS"", ""CO_POVO_COMUNIDADE"": ""TODOS"", ""coMunicipioIbge"": ""99"", ""coRegiao"": ""99"", ""coUfIbge"": ""35"", ""coVisualizacao"": ""3"", ""co_sistema_origem"": ""0"", ""ds_raca_cor2"": ""99"", ""ds_sexo2"": ""1"", ""excel"": ""1"", ""noRegional"": """", ""nuAno"": ""2025"", ""nuMes[]"": ""99"", ""nu_ciclo_vida"": ""1"", ""nu_idade_fim"": ""5"", ""nu_idade_ges"": ""99"", ""nu_idade_inicio"": ""0"", ""nu_indice_ado"": ""1"", ""nu_indice_cri"": ""4"", ""st_cobertura"": ""99"", ""tpAbrangencia"": ""M"", ""tpAbrangenciaEas"": """", ""tpFiltro"": ""M"", ""tpRelatorio"": ""2""}",2026-09-30T17:09:20-03:00,645,19b164b14748aa85ce61a9cc7e6b23e7ebff0897e8e4174564438a2cb25bddd0,validado,3.0,XLSX oficial preservado sem alteracao
sisvan-2025-imc_por_idade-0_a_menor_5_anos-TO,https://sisaps.saude.gov.br/sisvan/relatoriopublico/,dados/brutos/sisvan/imc_por_idade/0_a_menor_5_anos/2025/ufs/TO.xlsx,,IMC X IDADE,0 a < 5 anos,2025,2025,Municipios de TO,"{""CO_ESCOLARIDADE"": ""TODOS"", ""CO_POVO_COMUNIDADE"": ""TODOS"", ""coMunicipioIbge"": ""99"", ""coRegiao"": ""99"", ""coUfIbge"": ""17"", ""coVisualizacao"": ""3"", ""co_sistema_origem"": ""0"", ""ds_raca_cor2"": ""99"", ""ds_sexo2"": ""1"", ""excel"": ""1"", ""noRegional"": """", ""nuAno"": ""2025"", ""nuMes[]"": ""99"", ""nu_ciclo_vida"": ""1"", ""nu_idade_fim"": ""5"", ""nu_idade_ges"": ""99"", ""nu_idade_inicio"": ""0"", ""nu_indice_ado"": ""1"", ""nu_indice_cri"": ""4"", ""st_cobertura"": ""99"", ""tpAbrangencia"": ""M"", ""tpAbrangenciaEas"": """", ""tpFiltro"": ""M"", ""tpRelatorio"": ""2""}",2026-09-30T17:08:30-03:00,139,30c8f1ad88748ce4c40ea7e8591009cf8cebfb5b5f2973c4cf170882aeae2357,validado,3.0,XLSX oficial preservado sem alteracao
