uf,municipios,elegiveis,convergencia_total,pct_convergencia_universo,pct_convergencia_elegiveis,avaliados_altura,dai_n,dai_pct_agregado,avaliados_peso,dpi_n,dpi_pct_agregado
AC,22,22,5,22.727272727272727,22.727272727272727,46322,7069,15.26056733301671,46319,1816,3.920637319458538
AL,102,102,18,17.647058823529413,17.647058823529413,174460,19725,11.306316634185487,174461,5024,2.87972670109652
AM,62,62,32,51.61290322580645,51.61290322580645,272261,44844,16.470959851025302,272259,12015,4.4130772536445075
AP,16,16,3,18.75,18.75,42447,6688,15.7561193959526,42447,1725,4.0638914410912435
BA,417,417,100,23.980815347721823,23.980815347721823,618042,65399,10.581643318738857,618053,21529,3.4833582233238896
CE,184,184,20,10.869565217391305,10.869565217391305,425477,45581,10.712917502003634,425479,10454,2.4569955273938313
DF,1,1,0,0.0,0.0,89204,8458,9.481637594726694,89203,3180,3.564902525699808
ES,78,78,0,0.0,0.0,142102,13213,9.298250552420093,142107,3881,2.7310406946878056
GO,246,246,0,0.0,0.0,247522,29440,11.893892260081932,247522,9281,3.74956569517053
MA,217,217,48,22.119815668202765,22.119815668202765,367637,54487,14.820869498989492,367647,19814,5.389408862305418
MG,853,853,10,1.1723329425556859,1.1723329425556859,709603,69492,9.79308148359012,709653,22947,3.233552172681578
MS,79,78,2,2.5316455696202533,2.564102564102564,124224,12592,10.136527563111798,124223,3195,2.5719874741392497
MT,142,141,1,0.7042253521126761,0.7092198581560284,170624,17505,10.259400787696924,170623,5426,3.180110536094196
PA,144,143,67,46.52777777777778,46.85314685314685,469337,67040,14.283979315502506,469345,20290,4.32304594701126
PB,223,223,42,18.83408071748879,18.83408071748879,182565,19979,10.943499575493659,182568,5750,3.14951141492485
PE,185,185,45,24.324324324324326,24.324324324324326,402124,48619,12.090549183833842,402136,14723,3.661199196291802
PI,224,224,74,33.035714285714285,33.035714285714285,164950,16840,10.209154289178539,164952,5403,3.275498326785974
PR,399,399,1,0.2506265664160401,0.2506265664160401,406873,35327,8.682561880488507,406874,10210,2.5093763671308564
RJ,92,92,0,0.0,0.0,498882,85231,17.084400720009942,498897,26951,5.402117070256987
RN,167,167,9,5.389221556886228,5.389221556886228,128854,13708,10.638396945380043,128858,3240,2.5143956913812104
RO,52,52,1,1.9230769230769231,1.9230769230769231,66633,5777,8.669878288535712,66633,1817,2.7268770729218255
RR,15,15,3,20.0,20.0,39057,5310,13.595514248406177,39057,1356,3.4718488363161533
RS,497,493,0,0.0,0.0,324240,31687,9.77269923513447,324241,8229,2.537927035754269
SC,295,292,0,0.0,0.0,291675,28575,9.796862946772949,291678,8523,2.922057885750725
SE,75,75,15,20.0,20.0,104189,13359,12.821890986572479,104189,3127,3.0012765263127585
SP,645,645,0,0.0,0.0,1250378,100354,8.025892969965883,1250229,33319,2.665031766180436
TO,139,139,12,8.633093525179856,8.633093525179856,86731,11409,13.154466107850709,86733,3416,3.93852397588
