cenario,quantil,minimo_avaliados,referencia_dai,corte_dai_pct,corte_cadinsan_pct,elegiveis,municipios_dim_alimentar,municipios_dim_nutricional,convergencia_total,convergencia_total_dai,elegiveis_dai,corte_dpi_pct,entram_vs_principal,saem_vs_principal,coincidentes_principal,jaccard_principal
com_PBF,0.7,20,6.7,6.7,10.161348990185616,5561,1671,3693,589,637,5561,1.8,81,0,508,0.8624787775891342
com_PBF,0.7,20,10.0,10.0,10.161348990185616,5561,1671,2253,428,450,5561,1.8,55,135,373,0.6625222024866785
com_PBF,0.7,20,P75,12.372532874420195,10.161348990185616,5561,1671,1301,271,280,5561,1.8,34,271,237,0.43726937269372695
com_PBF,0.7,50,6.7,6.7,10.161348990185616,5531,1671,3684,589,637,5531,1.8,81,0,508,0.8624787775891342
com_PBF,0.7,50,10.0,10.0,10.161348990185616,5531,1671,2246,428,450,5531,1.8,55,135,373,0.6625222024866785
com_PBF,0.7,50,P75,12.377866263997419,10.161348990185616,5531,1671,1295,270,279,5531,1.8,34,272,236,0.4354243542435424
com_PBF,0.7,100,6.7,6.7,10.161348990185616,5326,1671,3613,588,636,5326,1.8,81,1,507,0.8607809847198642
com_PBF,0.7,100,10.0,10.0,10.161348990185616,5326,1671,2199,427,449,5326,1.8,55,136,372,0.6607460035523979
com_PBF,0.7,100,P75,12.380572037121558,10.161348990185616,5326,1671,1259,269,278,5326,1.8,34,273,235,0.43357933579335795
com_PBF,0.75,20,6.7,6.7,10.969776400916134,5561,1393,3693,508,548,5561,1.8,0,0,508,1.0
com_PBF,0.75,20,10.0,10.0,10.969776400916134,5561,1393,2253,373,390,5561,1.8,0,135,373,0.734251968503937
com_PBF,0.75,20,P75,12.372532874420195,10.969776400916134,5561,1393,1301,237,244,5561,1.8,0,271,237,0.46653543307086615
com_PBF,0.75,50,6.7,6.7,10.969776400916134,5531,1393,3684,508,548,5531,1.8,0,0,508,1.0
com_PBF,0.75,50,10.0,10.0,10.969776400916134,5531,1393,2246,373,390,5531,1.8,0,135,373,0.734251968503937
com_PBF,0.75,50,P75,12.377866263997419,10.969776400916134,5531,1393,1295,236,243,5531,1.8,0,272,236,0.4645669291338583
com_PBF,0.75,100,6.7,6.7,10.969776400916134,5326,1393,3613,507,547,5326,1.8,0,1,507,0.9980314960629921
com_PBF,0.75,100,10.0,10.0,10.969776400916134,5326,1393,2199,372,389,5326,1.8,0,136,372,0.7322834645669292
com_PBF,0.75,100,P75,12.380572037121558,10.969776400916134,5326,1393,1259,235,242,5326,1.8,0,273,235,0.4625984251968504
com_PBF,0.8,20,6.7,6.7,11.922476852817024,5561,1114,3693,445,479,5561,1.8,0,63,445,0.8759842519685039
com_PBF,0.8,20,10.0,10.0,11.922476852817024,5561,1114,2253,328,344,5561,1.8,0,180,328,0.6456692913385826
com_PBF,0.8,20,P75,12.372532874420195,11.922476852817024,5561,1114,1301,214,221,5561,1.8,0,294,214,0.421259842519685
com_PBF,0.8,50,6.7,6.7,11.922476852817024,5531,1114,3684,445,479,5531,1.8,0,63,445,0.8759842519685039
com_PBF,0.8,50,10.0,10.0,11.922476852817024,5531,1114,2246,328,344,5531,1.8,0,180,328,0.6456692913385826
com_PBF,0.8,50,P75,12.377866263997419,11.922476852817024,5531,1114,1295,213,220,5531,1.8,0,295,213,0.41929133858267714
com_PBF,0.8,100,6.7,6.7,11.922476852817024,5326,1114,3613,444,478,5326,1.8,0,64,444,0.8740157480314961
com_PBF,0.8,100,10.0,10.0,11.922476852817024,5326,1114,2199,327,343,5326,1.8,0,181,327,0.6437007874015748
com_PBF,0.8,100,P75,12.380572037121558,11.922476852817024,5326,1114,1259,212,219,5326,1.8,0,296,212,0.41732283464566927
com_PBF,0.9,20,6.7,6.7,14.96718511193024,5561,557,3693,261,280,5561,1.8,0,247,261,0.5137795275590551
com_PBF,0.9,20,10.0,10.0,14.96718511193024,5561,557,2253,195,204,5561,1.8,0,313,195,0.3838582677165354
com_PBF,0.9,20,P75,12.372532874420195,14.96718511193024,5561,557,1301,135,139,5561,1.8,0,373,135,0.265748031496063
com_PBF,0.9,50,6.7,6.7,14.96718511193024,5531,557,3684,261,280,5531,1.8,0,247,261,0.5137795275590551
com_PBF,0.9,50,10.0,10.0,14.96718511193024,5531,557,2246,195,204,5531,1.8,0,313,195,0.3838582677165354
com_PBF,0.9,50,P75,12.377866263997419,14.96718511193024,5531,557,1295,134,138,5531,1.8,0,374,134,0.2637795275590551
com_PBF,0.9,100,6.7,6.7,14.96718511193024,5326,557,3613,260,279,5326,1.8,0,248,260,0.5118110236220472
com_PBF,0.9,100,10.0,10.0,14.96718511193024,5326,557,2199,194,203,5326,1.8,0,314,194,0.38188976377952755
com_PBF,0.9,100,P75,12.380572037121558,14.96718511193024,5326,557,1259,133,137,5326,1.8,0,375,133,0.2618110236220472
sem_PBF,0.7,20,6.7,6.7,21.3295378908517,5561,1671,3693,627,672,5561,1.8,302,183,325,0.4012345679012346
sem_PBF,0.7,20,10.0,10.0,21.3295378908517,5561,1671,2253,476,492,5561,1.8,228,260,248,0.33695652173913043
sem_PBF,0.7,20,P75,12.372532874420195,21.3295378908517,5561,1671,1301,301,305,5561,1.8,139,346,162,0.250386398763524
sem_PBF,0.7,50,6.7,6.7,21.3295378908517,5531,1671,3684,627,672,5531,1.8,302,183,325,0.4012345679012346
sem_PBF,0.7,50,10.0,10.0,21.3295378908517,5531,1671,2246,476,492,5531,1.8,228,260,248,0.33695652173913043
sem_PBF,0.7,50,P75,12.377866263997419,21.3295378908517,5531,1671,1295,300,304,5531,1.8,138,346,162,0.25077399380804954
sem_PBF,0.7,100,6.7,6.7,21.3295378908517,5326,1671,3613,626,671,5326,1.8,302,184,324,0.4
sem_PBF,0.7,100,10.0,10.0,21.3295378908517,5326,1671,2199,475,491,5326,1.8,228,261,247,0.33559782608695654
sem_PBF,0.7,100,P75,12.380572037121558,21.3295378908517,5326,1671,1259,299,303,5326,1.8,138,347,161,0.24922600619195046
sem_PBF,0.75,20,6.7,6.7,22.876759891645925,5561,1393,3693,551,590,5561,1.8,250,207,301,0.3970976253298153
sem_PBF,0.75,20,10.0,10.0,22.876759891645925,5561,1393,2253,423,437,5561,1.8,189,274,234,0.3357245337159254
sem_PBF,0.75,20,P75,12.372532874420195,22.876759891645925,5561,1393,1301,267,271,5561,1.8,115,356,152,0.24398073836276082
sem_PBF,0.75,50,6.7,6.7,22.876759891645925,5531,1393,3684,551,590,5531,1.8,250,207,301,0.3970976253298153
sem_PBF,0.75,50,10.0,10.0,22.876759891645925,5531,1393,2246,423,437,5531,1.8,189,274,234,0.3357245337159254
sem_PBF,0.75,50,P75,12.377866263997419,22.876759891645925,5531,1393,1295,266,270,5531,1.8,114,356,152,0.24437299035369775
sem_PBF,0.75,100,6.7,6.7,22.876759891645925,5326,1393,3613,550,589,5326,1.8,250,208,300,0.39577836411609496
sem_PBF,0.75,100,10.0,10.0,22.876759891645925,5326,1393,2199,422,436,5326,1.8,189,275,233,0.33428981348637016
sem_PBF,0.75,100,P75,12.380572037121558,22.876759891645925,5326,1393,1259,265,269,5326,1.8,114,357,151,0.2427652733118971
sem_PBF,0.8,20,6.7,6.7,24.76369763757378,5561,1114,3693,473,505,5561,1.8,200,235,273,0.3855932203389831
sem_PBF,0.8,20,10.0,10.0,24.76369763757378,5561,1114,2253,367,380,5561,1.8,152,293,215,0.32575757575757575
sem_PBF,0.8,20,P75,12.372532874420195,24.76369763757378,5561,1114,1301,236,240,5561,1.8,95,367,141,0.23383084577114427
sem_PBF,0.8,50,6.7,6.7,24.76369763757378,5531,1114,3684,473,505,5531,1.8,200,235,273,0.3855932203389831
sem_PBF,0.8,50,10.0,10.0,24.76369763757378,5531,1114,2246,367,380,5531,1.8,152,293,215,0.32575757575757575
sem_PBF,0.8,50,P75,12.377866263997419,24.76369763757378,5531,1114,1295,235,239,5531,1.8,94,367,141,0.23421926910299004
sem_PBF,0.8,100,6.7,6.7,24.76369763757378,5326,1114,3613,472,504,5326,1.8,200,236,272,0.384180790960452
sem_PBF,0.8,100,10.0,10.0,24.76369763757378,5326,1114,2199,366,379,5326,1.8,152,294,214,0.3242424242424242
sem_PBF,0.8,100,P75,12.380572037121558,24.76369763757378,5326,1114,1259,234,238,5326,1.8,94,368,140,0.23255813953488372
sem_PBF,0.9,20,6.7,6.7,31.202350041393846,5561,557,3693,262,270,5561,1.8,90,336,172,0.28762541806020064
sem_PBF,0.9,20,10.0,10.0,31.202350041393846,5561,557,2253,216,219,5561,1.8,67,359,149,0.2591304347826087
sem_PBF,0.9,20,P75,12.372532874420195,31.202350041393846,5561,557,1301,155,156,5561,1.8,50,403,105,0.1881720430107527
sem_PBF,0.9,50,6.7,6.7,31.202350041393846,5531,557,3684,262,270,5531,1.8,90,336,172,0.28762541806020064
sem_PBF,0.9,50,10.0,10.0,31.202350041393846,5531,557,2246,216,219,5531,1.8,67,359,149,0.2591304347826087
sem_PBF,0.9,50,P75,12.377866263997419,31.202350041393846,5531,557,1295,155,156,5531,1.8,50,403,105,0.1881720430107527
sem_PBF,0.9,100,6.7,6.7,31.202350041393846,5326,557,3613,262,270,5326,1.8,90,336,172,0.28762541806020064
sem_PBF,0.9,100,10.0,10.0,31.202350041393846,5326,557,2199,216,219,5326,1.8,67,359,149,0.2591304347826087
sem_PBF,0.9,100,P75,12.380572037121558,31.202350041393846,5326,557,1259,155,156,5326,1.8,50,403,105,0.1881720430107527
