Região,Código UF,UF,Código IBGE,Município,Magreza acentuada - Quantidade,Magreza acentuada - %,Magreza - Quantidade,Magreza - %,Eutrofia - Quantidade,Eutrofia - %,Risco de sobrepeso - Quantidade,Risco de sobrepeso - %,Sobrepeso - Quantidade,Sobrepeso - %,Obesidade - Quantidade,Obesidade - %,Total
NORTE,14,RR,140005,ALTO ALEGRE,20,1.91%,32,3.05%,705,67.21%,194,18.49%,63,6.01%,35,3.34%,1049
NORTE,14,RR,140002,AMAJARI,9,1.05%,15,1.75%,551,64.14%,183,21.3%,77,8.96%,24,2.79%,859
NORTE,14,RR,140010,BOA VISTA,197,1.08%,334,1.84%,11964,65.82%,3741,20.58%,1350,7.43%,590,3.25%,18176
NORTE,14,RR,140015,BONFIM,28,1.62%,40,2.32%,1091,63.21%,343,19.87%,132,7.65%,92,5.33%,1726
NORTE,14,RR,140017,CANTA,41,2.51%,59,3.61%,1085,66.4%,259,15.85%,102,6.24%,88,5.39%,1634
NORTE,14,RR,140020,CARACARAI,36,2.33%,52,3.36%,1023,66.13%,255,16.48%,108,6.98%,73,4.72%,1547
NORTE,14,RR,140023,CAROEBE,9,0.75%,28,2.34%,898,74.96%,169,14.11%,66,5.51%,28,2.34%,1198
NORTE,14,RR,140028,IRACEMA,4,0.91%,12,2.73%,299,68.11%,77,17.54%,31,7.06%,16,3.64%,439
NORTE,14,RR,140030,MUCAJAI,8,0.55%,22,1.5%,902,61.7%,313,21.41%,138,9.44%,79,5.4%,1462
NORTE,14,RR,140040,NORMANDIA,42,1.94%,41,1.9%,1113,51.53%,451,20.88%,237,10.97%,276,12.78%,2160
NORTE,14,RR,140045,PACARAIMA,72,2.48%,35,1.2%,1717,59.1%,807,27.78%,193,6.64%,81,2.79%,2905
NORTE,14,RR,140047,RORAINOPOLIS,45,2%,96,4.27%,1445,64.22%,359,15.96%,183,8.13%,122,5.42%,2250
NORTE,14,RR,140050,SAO JOAO DA BALIZA,3,0.4%,18,2.41%,540,72.19%,124,16.58%,43,5.75%,20,2.67%,748
NORTE,14,RR,140060,SAO LUIZ DO ANAUA,6,1.19%,9,1.79%,328,65.08%,99,19.64%,45,8.93%,17,3.37%,504
NORTE,14,RR,140070,UIRAMUTA,27,1.12%,32,1.33%,1686,70.22%,492,20.49%,116,4.83%,48,2%,2401
